Rearing_LAB ,Sample_ID ,Sex,Age_weeks,Animals_for ,cage_ID,BOX ,Position ,sample_type,extraction_date,extraction_run,extracted_by,DNA_elution_Vol_ul,Quantification_method,DNA_conc_ng_ul,260 / 280,230 / 260,Vol_25ng_ul,Vol_H2O,16S_PCR_date,PCR_plate,PCR_row,PCR_position,library_conc_ng_ul,FA_kit_used,repeat_library_prep,library_prep_attempt,Use_for_pooling,barcode_F,barcode_R,sequence_F,sequence_R,Dilution_factor,Vol_EB_ul,Vol_DNA_ul,cage_top,light_cycle,cage_type,bedding_material,bedding_autoclaved,house_present,roll_present,enrichment_autoclaved,diet,diet_treatment,water_autoclaved,water_chlorinated,mean_room_temp_C,room_humidity,other_animals_present,other_animals_present_kind,housing_room_condition,Ventilation_system,tail_handling,BW_g,BW1_g,BW2_g,BW3_g,BW4_g,BW5_g,Notes
LAB_1,S1,F,8,micro_control,1HF8,1,1,primary,7/5/2020,1,MEC,100,Qubit,392.00,1.88,0.97,3.19,46.81,17/06/2020,1,A,1,16.79,SS_NGS,no,1,1,S502,N701,CTCTCTAT,TCGCCTTA,3.05,6.16,3,filter,normal,2L,poplar,yes,no,yes,yes,Altromin1324TPF,TPF,yes,no,20-23,55,yes,rats,mixed_sex,room_air_change,yes,19.70,,,,,,
LAB_1,S2,F,8,micro_control,1HF3,1,2,primary,7/5/2020,1,MEC,200,Qubit,28.80,1.90,0.26,43.40,6.60,17/06/2020,1,A,2,25.44,SS_NGS,no,1,1,S502,N702,CTCTCTAT,CTAGTACG,4.63,10.88,3,filter,normal,2L,poplar,yes,no,yes,yes,Altromin1324TPF,TPF,yes,no,20-23,55,yes,rats,mixed_sex,room_air_change,yes,17.20,,,,,,sample blocked the column membrane
LAB_1,S3,F,8,micro_control,1HF5,1,3,primary,7/5/2020,1,MEC,100,Qubit,334.00,1.88,1.90,3.74,46.26,17/06/2020,1,A,3,27.64,SS_NGS,no,1,1,S502,N703,CTCTCTAT,TTCTGCCT,5.02,12.07,3,filter,normal,2L,poplar,yes,no,yes,yes,Altromin1324TPF,TPF,yes,no,20-23,55,yes,rats,mixed_sex,room_air_change,yes,19.10,,,,,,
LAB_1,S4,F,8,micro_control,1HF11,1,4,primary,7/5/2020,1,MEC,100,Qubit,232.00,1.90,0.80,5.39,44.61,17/06/2020,1,A,4,26.71,SS_NGS,no,1,1,S502,N704,CTCTCTAT,GCTCAGGA,4.86,11.57,3,filter,normal,2L,poplar,yes,no,yes,yes,Altromin1324TPF,TPF,yes,no,20-23,55,yes,rats,mixed_sex,room_air_change,yes,17.80,,,,,,
LAB_1,S5,F,8,micro_control,1HF9,1,5,primary,7/5/2020,1,MEC,100,Qubit,238.00,1.89,0.55,5.25,44.75,17/06/2020,1,A,5,10.90,SS_NGS,no,1,1,S502,N705,CTCTCTAT,AGGAGTCC,1.98,2.95,3,filter,normal,2L,poplar,yes,no,yes,yes,Altromin1324TPF,TPF,yes,no,20-23,55,yes,rats,mixed_sex,room_air_change,yes,19.50,,,,,,
LAB_1,S6,F,8,micro_control,1HF14,1,6,primary,7/5/2020,1,MEC,100,Qubit,115.00,1.93,0.30,10.87,39.13,17/06/2020,1,A,6,14.27,SS_NGS,no,1,1,S502,N706,CTCTCTAT,CATGCCTA,2.60,4.79,3,filter,normal,2L,poplar,yes,no,yes,yes,Altromin1324TPF,TPF,yes,no,20-23,55,yes,rats,mixed_sex,room_air_change,yes,18.90,,,,,,
LAB_2,S7,F,8,micro_control,2HF3,1,7,primary,7/5/2020,1,MEC,100,Qubit,142.00,1.89,0.71,8.80,41.20,17/06/2020,1,A,7,30.27,SS_NGS,no,1,1,S502,N707,CTCTCTAT,GTAGAGAG,5.50,13.51,3,filter,normal,Typ22_Biosom,poplar,yes,no,yes,yes,Altromin1324TPF,TPF,yes,no,21,55,yes,mice,mixed_sex,IVC_rack,yes,17.10,,,,,,
LAB_2,S8,F,8,micro_control,2HF1,1,8,primary,7/5/2020,1,MEC,100,Qubit,220.00,1.88,0.77,5.68,44.32,17/06/2020,1,A,8,24.24,SS_NGS,no,1,1,S502,N710,CTCTCTAT,CAGCCTCG,4.41,10.22,3,filter,normal,Typ22_Biosom,poplar,yes,no,yes,yes,Altromin1324TPF,TPF,yes,no,21,55,yes,mice,mixed_sex,IVC_rack,yes,16.70,,,,,,extra centrifugation before AW1 buffer
LAB_2,S9,F,8,micro_control,2HF15,1,9,primary,7/5/2020,1,MEC,100,Qubit,119.00,1.90,1.74,10.50,39.50,17/06/2020,1,A,9,25.67,SS_NGS,no,1,1,S502,N711,CTCTCTAT,TGCCTCTT,4.67,11.00,3,filter,normal,Typ22_Biosom,poplar,yes,no,yes,yes,Altromin1324TPF,TPF,yes,no,21,55,yes,mice,mixed_sex,IVC_rack,yes,18.20,,,,,,extra centrifugation before AW1 buffer
LAB_2,S10,F,8,micro_control,2HF4,1,10,primary,7/5/2020,1,MEC,100,Qubit,171.00,1.88,0.96,7.31,42.69,17/06/2020,1,A,10,38.85,SS_NGS,no,1,1,S502,N712,CTCTCTAT,TCCTCTAC,7.06,18.19,3,filter,normal,Typ22_Biosom,poplar,yes,no,yes,yes,Altromin1324TPF,TPF,yes,no,21,55,yes,mice,mixed_sex,IVC_rack,yes,18.10,,,,,,extra centrifugation before AW1 buffer
LAB_2,S11,F,8,micro_control,2HF14,1,11,primary,7/5/2020,1,MEC,100,Qubit,172.00,1.88,1.52,7.27,42.73,17/06/2020,1,A,11,3.45,SS_NGS,no,1,1,S502,N714,CTCTCTAT,TCATGAGC,,,5,filter,normal,Typ22_Biosom,poplar,yes,no,yes,yes,Altromin1324TPF,TPF,yes,no,21,55,yes,mice,mixed_sex,IVC_rack,yes,18.30,,,,,,extra centrifugation before AW1 buffer
LAB_2,S12,F,8,micro_control,2HF12,1,12,primary,7/5/2020,1,MEC,100,Qubit,123.00,1.89,1.37,10.16,39.84,17/06/2020,1,A,12,11.56,SS_NGS,no,1,1,S502,N715,CTCTCTAT,CCTGAGAT,2.10,3.31,3,filter,normal,Typ22_Biosom,poplar,yes,no,yes,yes,Altromin1324TPF,TPF,yes,no,21,55,yes,mice,mixed_sex,IVC_rack,yes,18.20,,,,,,
LAB_3,S13,F,8,micro_control,BF2,1,13,primary,7/5/2020,1,MEC,100,Qubit,37.80,1.85,0.76,33.07,16.93,17/06/2020,1,B,1,13.13,SS_NGS,no,1,1,S503,N701,TATCCTCT,TCGCCTTA,2.39,4.16,3,open,reverse,Makrolon_III,Lignocel® select,no,yes,yes,no,3430_standard_diet,no_treatment,no,no,22,61,no,,single_sex,room_ventilation,no,19.60,,,,,,extra centrifugation before AW1 buffer
LAB_3,S14,F,8,micro_control,BF1,1,14,primary,7/5/2020,1,MEC,100,Qubit,418.00,1.88,2.15,2.99,47.01,17/06/2020,1,B,2,16.05,SS_NGS,no,1,1,S503,N702,TATCCTCT,CTAGTACG,2.92,5.76,3,open,reverse,Makrolon_III,Lignocel® select,no,yes,yes,no,3430_standard_diet,no_treatment,no,no,22,61,no,,single_sex,room_ventilation,no,19.50,,,,,,extra centrifugation before AW1 buffer
LAB_3,S15,F,8,micro_control,BF7,1,15,primary,7/5/2020,1,MEC,100,Qubit,163.00,1.89,1.56,7.67,42.33,17/06/2020,1,B,3,14.96,SS_NGS,no,1,1,S503,N703,TATCCTCT,TTCTGCCT,2.72,5.16,3,open,reverse,Makrolon_III,Lignocel® select,no,yes,yes,no,3430_standard_diet,no_treatment,no,no,22,61,no,,single_sex,room_ventilation,no,18.40,,,,,,extra centrifugation before AW1 buffer
LAB_3,S16,F,8,micro_control,BF18,1,16,primary,7/5/2020,1,MEC,100,Qubit,74.60,1.96,1.20,16.76,33.24,17/06/2020,1,B,4,20.93,SS_NGS,no,1,1,S503,N704,TATCCTCT,GCTCAGGA,3.81,8.42,3,open,reverse,Makrolon_III,Lignocel® select,no,yes,yes,no,3430_standard_diet,no_treatment,no,no,22,61,no,,single_sex,room_ventilation,no,21.50,,,,,,extra centrifugation before AW1 buffer
LAB_3,S17,F,8,micro_control,BF4,1,17,primary,7/5/2020,1,MEC,100,Qubit,110.00,1.93,0.35,11.36,38.64,17/06/2020,1,B,5,24.01,SS_NGS,no,1,1,S503,N705,TATCCTCT,AGGAGTCC,4.37,10.10,3,open,reverse,Makrolon_III,Lignocel® select,no,yes,yes,no,3430_standard_diet,no_treatment,no,no,22,61,no,,single_sex,room_ventilation,no,20.60,,,,,,extra centrifugation before AW1 buffer
LAB_3,S18,F,8,micro_control,BF5,1,18,primary,7/5/2020,1,MEC,100,Qubit,165.00,1.90,0.98,7.58,42.42,17/06/2020,1,B,6,5.76,SS_NGS,no,1,1,S503,N706,TATCCTCT,CATGCCTA,1.05,0.14,3,open,reverse,Makrolon_III,Lignocel® select,no,yes,yes,no,3430_standard_diet,no_treatment,no,no,22,61,no,,single_sex,room_ventilation,no,19.10,,,,,,extra centrifugation before AW1 buffer
LAB_4,S19,F,8,micro_control,MF2,1,19,primary,7/5/2020,1,MEC,100,Qubit,47.20,1.93,1.48,26.48,23.52,17/06/2020,1,B,7,22.75,SS_NGS,no,1,1,S503,N707,TATCCTCT,GTAGAGAG,4.14,9.41,3,open,reverse,Makrolon_III,TierWohl_super,no,yes,no,no,Altromin1324TPF,no_treatment,no,no,22,50-60,yes,"C57BL/6J, DBA/2N and Balb/c",mixed_sex,room_ventilation,yes,17.30,,,,,,extra centrifugation before AW1 buffer
LAB_4,S20,F,8,micro_control,MF13,1,20,primary,7/5/2020,1,MEC,100,Qubit,36.20,1.99,0.17,34.53,15.47,17/06/2020,1,B,8,17.17,SS_NGS,no,1,1,S503,N710,TATCCTCT,CAGCCTCG,3.12,6.36,3,open,reverse,Makrolon_III,TierWohl_super,no,yes,no,no,Altromin1324TPF,no_treatment,no,no,22,50-60,yes,"C57BL/6J, DBA/2N and Balb/c",mixed_sex,room_ventilation,yes,19.30,,,,,,extra centrifugation before AW1 buffer
LAB_4,S21,F,8,micro_control,MF9,1,21,primary,8/5/2020,2,MEC/SAH,200,QuantiFluor,94.36,1.88,0.87,13.25,36.75,17/06/2020,1,B,9,8.45,SS_NGS,no,1,1,S503,N711,TATCCTCT,TGCCTCTT,1.54,1.61,3,open,reverse,Makrolon_III,TierWohl_super,no,yes,no,no,Altromin1324TPF,no_treatment,no,no,22,50-60,yes,"C57BL/6J, DBA/2N and Balb/c",mixed_sex,room_ventilation,yes,18.70,,,,,,
LAB_4,S22,F,8,micro_control,MF3,1,22,primary,8/5/2020,2,MEC/SAH,200,QuantiFluor,196.98,1.90,1.74,6.35,43.65,17/06/2020,1,B,10,24.19,SS_NGS,no,1,1,S503,N712,TATCCTCT,TCCTCTAC,4.40,10.19,3,open,reverse,Makrolon_III,TierWohl_super,no,yes,no,no,Altromin1324TPF,no_treatment,no,no,22,50-60,yes,"C57BL/6J, DBA/2N and Balb/c",mixed_sex,room_ventilation,yes,16.20,,,,,,
LAB_4,S23,F,8,micro_control,MF7,1,23,primary,8/5/2020,2,MEC/SAH,200,QuantiFluor,184.89,1.89,1.59,6.76,43.24,17/06/2020,1,B,11,6.46,SS_NGS,no,1,1,S503,N714,TATCCTCT,TCATGAGC,1.17,0.52,3,open,reverse,Makrolon_III,TierWohl_super,no,yes,no,no,Altromin1324TPF,no_treatment,no,no,22,50-60,yes,"C57BL/6J, DBA/2N and Balb/c",mixed_sex,room_ventilation,yes,18.10,,,,,,
LAB_5,S25,F,8,micro_control,ZF2,1,25,primary,8/5/2020,2,MEC/SAH,200,QuantiFluor,172.49,1.86,1.38,7.25,42.75,17/06/2020,1,C,1,13.23,SS_NGS,no,1,1,S505,N701,GTAAGGAG,TCGCCTTA,2.41,4.22,3,filter,reverse,TYPE_II_L,SAFE Select,yes,yes,no,yes,3436_EXF12_MR,Extrudat,yes,yes,21.24,61.63,yes,C57BL/6 and NMRI,mixed_sex,room_ventilation,yes,18.90,,,,,,
LAB_5,S26,F,8,micro_control,ZF6,1,26,primary,8/5/2020,2,MEC/SAH,200,QuantiFluor,125.39,1.86,0.81,9.97,40.03,17/06/2020,1,C,2,24.62,SS_NGS,no,1,1,S505,N702,GTAAGGAG,CTAGTACG,4.48,10.43,3,filter,reverse,TYPE_II_L,SAFE Select,yes,yes,no,yes,3436_EXF12_MR,Extrudat,yes,yes,21.24,61.63,yes,C57BL/6 and NMRI,mixed_sex,room_ventilation,yes,20.20,,,,,,
LAB_5,S27,F,8,micro_control,ZF17,1,27,primary,8/5/2020,2,MEC/SAH,200,QuantiFluor,201.88,1.89,1.29,6.19,43.81,17/06/2020,1,C,3,37.52,SS_NGS,no,1,1,S505,N703,GTAAGGAG,TTCTGCCT,6.82,17.46,3,filter,reverse,TYPE_II_L,SAFE Select,yes,yes,no,yes,3436_EXF12_MR,Extrudat,yes,yes,21.24,61.63,yes,C57BL/6 and NMRI,mixed_sex,room_ventilation,yes,20.20,,,,,,
LAB_5,S28,F,8,micro_control,ZF8,1,28,primary,8/5/2020,2,MEC/SAH,100,QuantiFluor,93.39,1.92,1.25,13.39,36.61,17/06/2020,1,C,4,25.21,SS_NGS,no,1,1,S505,N704,GTAAGGAG,GCTCAGGA,4.58,10.75,3,filter,reverse,TYPE_II_L,SAFE Select,yes,yes,no,yes,3436_EXF12_MR,Extrudat,yes,yes,21.24,61.63,yes,C57BL/6 and NMRI,mixed_sex,room_ventilation,yes,20.20,,,,,,
LAB_5,S29,F,8,micro_control,ZF16,1,29,primary,8/5/2020,2,MEC/SAH,200,QuantiFluor,160.67,1.87,1.36,7.78,42.22,17/06/2020,1,C,5,19.30,SS_NGS,no,1,1,S505,N705,GTAAGGAG,AGGAGTCC,3.51,7.53,3,filter,reverse,TYPE_II_L,SAFE Select,yes,yes,no,yes,3436_EXF12_MR,Extrudat,yes,yes,21.24,61.63,yes,C57BL/6 and NMRI,mixed_sex,room_ventilation,yes,21.40,,,,,,
LAB_5,S30,F,8,micro_control,ZF15,1,30,primary,8/5/2020,2,MEC/SAH,200,QuantiFluor,141.01,1.90,1.33,8.86,41.14,17/06/2020,1,C,6,45.11,SS_NGS,no,1,1,S505,N706,GTAAGGAG,CATGCCTA,8.20,21.61,3,filter,reverse,TYPE_II_L,SAFE Select,yes,yes,no,yes,3436_EXF12_MR,Extrudat,yes,yes,21.24,61.63,yes,C57BL/6 and NMRI,mixed_sex,room_ventilation,yes,19.40,,,,,,"tubes cracked, some of the sample lost"
LAB_1,S31,M,8,micro_control,1HM1,1,31,primary,8/5/2020,2,MEC/SAH,200,QuantiFluor,213.91,1.90,1.71,5.84,44.16,17/06/2020,1,C,7,39.71,SS_NGS,no,1,1,S505,N707,GTAAGGAG,GTAGAGAG,7.22,18.66,3,filter,normal,2L,poplar,yes,no,yes,yes,Altromin1324TPF,TPF,yes,no,20-23,55,yes,rats,mixed_sex,room_air_change,yes,26.70,,,,,,"tubes cracked, some of the sample lost"
,MFV_NTC_01,,,,,,,neg_control,8/5/2020,2,MEC/SAH,100,QuantiFluor,1.00,2.80,0.04,,,17/06/2020,1,C,8,0.00,SS_NGS,no,1,1,S505,N710,GTAAGGAG,CAGCCTCG,,,5,,,,,,,,,,,,,,,,,,,,,,,,,,
LAB_1,S33,M,8,micro_control,1HM3,1,33,primary,11/5/2020,3,MEC,200,QuantiFluor,146.73,1.93,0.54,8.52,41.48,17/06/2020,1,C,10,73.76,SS_NGS,no,1,1,S505,N712,GTAAGGAG,TCCTCTAC,13.41,37.23,3,filter,normal,2L,poplar,yes,no,yes,yes,Altromin1324TPF,TPF,yes,no,20-23,55,yes,rats,mixed_sex,room_air_change,yes,27.20,,,,,,
LAB_1,S34,M,8,micro_control,1HM8,1,34,primary,11/5/2020,3,MEC,200,QuantiFluor,202.82,1.89,0.98,6.16,43.84,17/06/2020,1,C,11,48.87,SS_NGS,no,1,1,S505,N714,GTAAGGAG,TCATGAGC,8.89,23.66,3,filter,normal,2L,poplar,yes,no,yes,yes,Altromin1324TPF,TPF,yes,no,20-23,55,yes,rats,mixed_sex,room_air_change,yes,27.80,,,,,,
LAB_1,S35,M,8,micro_control,1HM12,1,35,primary,11/5/2020,3,MEC,200,QuantiFluor,111.21,1.89,0.44,11.24,38.76,17/06/2020,1,C,12,45.02,SS_NGS,no,1,1,S505,N715,GTAAGGAG,CCTGAGAT,8.19,21.56,3,filter,normal,2L,poplar,yes,no,yes,yes,Altromin1324TPF,TPF,yes,no,20-23,55,yes,rats,mixed_sex,room_air_change,yes,23.80,,,,,,
LAB_1,S36,M,8,micro_control,1HM10,1,36,primary,11/5/2020,3,MEC,200,QuantiFluor,237.80,1.87,0.84,5.26,44.74,17/06/2020,1,D,1,14.13,SS_NGS,no,1,1,S506,N701,ACTGCATA,TCGCCTTA,2.57,4.71,3,filter,normal,2L,poplar,yes,no,yes,yes,Altromin1324TPF,TPF,yes,no,20-23,55,yes,rats,mixed_sex,room_air_change,yes,26.20,,,,,,
LAB_2,S37,M,8,micro_control,2HM4,1,37,primary,11/5/2020,3,MEC,200,QuantiFluor,208.09,1.89,1.00,6.01,43.99,17/06/2020,1,D,2,48.68,SS_NGS,no,1,1,S506,N702,ACTGCATA,CTAGTACG,8.85,23.55,3,filter,normal,Typ22_Biosom,poplar,yes,no,yes,yes,Altromin1324TPF,TPF,yes,no,21,55,yes,mice,mixed_sex,IVC_rack,yes,24.20,,,,,,
LAB_2,S38,M,8,micro_control,2HM6,1,38,primary,11/5/2020,3,MEC,200,QuantiFluor,194.49,1.89,1.36,6.43,43.57,17/06/2020,1,D,3,69.43,SS_NGS,no,1,1,S506,N703,ACTGCATA,TTCTGCCT,12.62,34.87,3,filter,normal,Typ22_Biosom,poplar,yes,no,yes,yes,Altromin1324TPF,TPF,yes,no,21,55,yes,mice,mixed_sex,IVC_rack,yes,23.50,,,,,,
,MFV_NTC_02,,,,,,,neg_control,11/5/2020,3,MEC,100,QuantiFluor,1.02,1.81,0.01,,,17/06/2020,1,D,4,0.00,SS_NGS,no,1,1,S506,N704,ACTGCATA,GCTCAGGA,,,5,,,,,,,,,,,,,,,,,,,,,,,,,,
LAB_2,S39,M,8,micro_control,2HM17,1,39,primary,12/5/2020,4,MEC,200,QuantiFluor,263.50,1.88,1.91,4.74,45.26,17/06/2020,1,D,5,35.40,SS_NGS,no,1,1,S506,N705,ACTGCATA,AGGAGTCC,6.44,16.31,3,filter,normal,Typ22_Biosom,poplar,yes,no,yes,yes,Altromin1324TPF,TPF,yes,no,21,55,yes,mice,mixed_sex,IVC_rack,yes,23.80,,,,,,
LAB_2,S40,M,8,micro_control,2HM8,1,40,primary,12/5/2020,4,MEC,200,QuantiFluor,278.69,1.89,1.21,4.49,45.51,17/06/2020,1,D,6,75.83,SS_NGS,no,1,1,S506,N706,ACTGCATA,CATGCCTA,13.79,38.36,3,filter,normal,Typ22_Biosom,poplar,yes,no,yes,yes,Altromin1324TPF,TPF,yes,no,21,55,yes,mice,mixed_sex,IVC_rack,yes,24.20,,,,,,
LAB_2,S41,M,8,micro_control,2HM10,1,41,primary,12/5/2020,4,MEC,200,QuantiFluor,262.50,1.88,1.50,4.76,45.24,17/06/2020,1,D,7,19.94,SS_NGS,no,1,1,S506,N707,ACTGCATA,GTAGAGAG,3.63,7.88,3,filter,normal,Typ22_Biosom,poplar,yes,no,yes,yes,Altromin1324TPF,TPF,yes,no,21,55,yes,mice,mixed_sex,IVC_rack,yes,22.60,,,,,,
LAB_2,S42,M,8,micro_control,2HM12,1,42,primary,12/5/2020,4,MEC,200,QuantiFluor,285.55,1.88,1.70,4.38,45.62,17/06/2020,1,D,8,13.20,SS_NGS,no,1,1,S506,N710,ACTGCATA,CAGCCTCG,2.40,4.20,3,filter,normal,Typ22_Biosom,poplar,yes,no,yes,yes,Altromin1324TPF,TPF,yes,no,21,55,yes,mice,mixed_sex,IVC_rack,yes,24.90,,,,,,
LAB_3,S43,M,8,micro_control,BM4,1,43,primary,12/5/2020,4,MEC,200,QuantiFluor,236.82,1.86,1.02,5.28,44.72,17/06/2020,1,D,9,14.27,SS_NGS,no,1,1,S506,N711,ACTGCATA,TGCCTCTT,2.59,4.78,3,open,reverse,Makrolon_III,Lignocel® select,no,yes,yes,no,3430_standard_diet,no_treatment,no,no,22,61,no,,single_sex,room_ventilation,no,26.40,,,,,,
LAB_3,S44,M,8,micro_control,BM5,1,44,primary,12/5/2020,4,MEC,200,QuantiFluor,199.33,1.91,1.29,6.27,43.73,17/06/2020,1,D,10,26.86,SS_NGS,no,1,1,S506,N712,ACTGCATA,TCCTCTAC,4.88,11.65,3,open,reverse,Makrolon_III,Lignocel® select,no,yes,yes,no,3430_standard_diet,no_treatment,no,no,22,61,no,,single_sex,room_ventilation,no,24.70,,,,,,
LAB_3,S45,M,8,micro_control,BM7,1,45,primary,12/5/2020,4,MEC,200,QuantiFluor,251.40,1.87,1.54,4.97,45.03,17/06/2020,1,D,11,18.71,SS_NGS,no,1,1,S506,N714,ACTGCATA,TCATGAGC,3.40,7.20,3,open,reverse,Makrolon_III,Lignocel® select,no,yes,yes,no,3430_standard_diet,no_treatment,no,no,22,61,no,,single_sex,room_ventilation,no,25.10,,,,,,
LAB_3,S46,M,8,micro_control,BM8,1,46,primary,12/5/2020,4,MEC,200,QuantiFluor,121.27,1.89,0.53,10.31,39.69,17/06/2020,1,D,12,14.88,SS_NGS,no,1,1,S506,N715,ACTGCATA,CCTGAGAT,2.71,5.12,3,open,reverse,Makrolon_III,Lignocel® select,no,yes,yes,no,3430_standard_diet,no_treatment,no,no,22,61,no,,single_sex,room_ventilation,no,26.30,,,,,,
LAB_3,S47,M,8,micro_control,BM9,1,47,primary,12/5/2020,4,MEC,200,QuantiFluor,250.06,1.87,1.65,5.00,45.00,17/06/2020,1,E,1,11.04,SS_NGS,no,1,1,S507,N701,AAGGAGTA,TCGCCTTA,2.01,3.02,3,open,reverse,Makrolon_III,Lignocel® select,no,yes,yes,no,3430_standard_diet,no_treatment,no,no,22,61,no,,single_sex,room_ventilation,no,26.10,,,,,,
,MFV_NTC_03A,,,,,,,neg_control,12/5/2020,4,MEC,100,QuantiFluor,-1.56,3.00,0.03,,,17/06/2020,1,E,2,0.00,SS_NGS,no,1,1,S507,N702,AAGGAGTA,CTAGTACG,,,5,,,,,,,,,,,,,,,,,,,,,,,,,,
LAB_3,S48,M,8,micro_control,BM12,1,48,primary,12/5/2020,5,SAH,200,QuantiFluor,302.34,1.88,1.74,4.13,45.87,17/06/2020,1,E,3,8.66,SS_NGS,no,1,1,S507,N703,AAGGAGTA,TTCTGCCT,1.58,1.73,3,open,reverse,Makrolon_III,Lignocel® select,no,yes,yes,no,3430_standard_diet,no_treatment,no,no,22,61,no,,single_sex,room_ventilation,no,27.20,,,,,,
LAB_4,S49,M,8,micro_control,MM9,1,49,primary,12/5/2020,5,SAH,200,QuantiFluor,279.52,1.88,1.23,4.47,45.53,17/06/2020,1,E,4,15.38,SS_NGS,no,1,1,S507,N704,AAGGAGTA,GCTCAGGA,2.80,5.39,3,open,reverse,Makrolon_III,TierWohl_super,no,yes,no,no,Altromin1324TPF,no_treatment,no,no,22,50-60,yes,"C57BL/6J, DBA/2N and Balb/c",mixed_sex,room_ventilation,yes,25.20,,,,,,
LAB_4,S50,M,8,micro_control,MM2,1,50,primary,12/5/2020,5,SAH,200,QuantiFluor,296.29,1.87,0.88,4.22,45.78,17/06/2020,1,E,5,12.20,SS_NGS,no,1,1,S507,N705,AAGGAGTA,AGGAGTCC,2.22,3.65,3,open,reverse,Makrolon_III,TierWohl_super,no,yes,no,no,Altromin1324TPF,no_treatment,no,no,22,50-60,yes,"C57BL/6J, DBA/2N and Balb/c",mixed_sex,room_ventilation,yes,23.10,,,,,,
LAB_4,S51,M,8,micro_control,MM15,1,51,primary,12/5/2020,5,SAH,200,QuantiFluor,302.47,1.86,1.49,4.13,45.87,17/06/2020,1,E,6,14.70,SS_NGS,no,1,1,S507,N706,AAGGAGTA,CATGCCTA,2.67,5.02,3,open,reverse,Makrolon_III,TierWohl_super,no,yes,no,no,Altromin1324TPF,no_treatment,no,no,22,50-60,yes,"C57BL/6J, DBA/2N and Balb/c",mixed_sex,room_ventilation,yes,24.30,,,,,,
LAB_4,S52,M,8,micro_control,MM10,1,52,primary,12/5/2020,5,SAH,200,QuantiFluor,310.71,1.84,1.86,4.02,45.98,17/06/2020,1,E,7,11.12,SS_NGS,no,1,1,S507,N707,AAGGAGTA,GTAGAGAG,2.02,3.06,3,open,reverse,Makrolon_III,TierWohl_super,no,yes,no,no,Altromin1324TPF,no_treatment,no,no,22,50-60,yes,"C57BL/6J, DBA/2N and Balb/c",mixed_sex,room_ventilation,yes,23.00,,,,,,
LAB_4,S53,M,8,micro_control,MM18,1,53,primary,12/5/2020,5,SAH,200,QuantiFluor,297.50,1.87,2.10,4.20,45.80,17/06/2020,1,E,8,17.12,SS_NGS,no,1,1,S507,N710,AAGGAGTA,CAGCCTCG,3.11,6.34,3,open,reverse,Makrolon_III,TierWohl_super,no,yes,no,no,Altromin1324TPF,no_treatment,no,no,22,50-60,yes,"C57BL/6J, DBA/2N and Balb/c",mixed_sex,room_ventilation,yes,21.80,,,,,,
LAB_4,S54,M,8,micro_control,MM16,1,54,primary,12/5/2020,5,SAH,200,QuantiFluor,263.83,1.87,2.05,4.74,45.26,17/06/2020,1,E,9,20.43,SS_NGS,no,1,1,S507,N711,AAGGAGTA,TGCCTCTT,3.71,8.14,3,open,reverse,Makrolon_III,TierWohl_super,no,yes,no,no,Altromin1324TPF,no_treatment,no,no,22,50-60,yes,"C57BL/6J, DBA/2N and Balb/c",mixed_sex,room_ventilation,yes,24.10,,,,,,
LAB_5,S55,M,8,micro_control,ZM10,1,55,primary,12/5/2020,5,SAH,200,QuantiFluor,246.87,1.89,1.23,5.06,44.94,17/06/2020,1,E,10,12.31,SS_NGS,no,1,1,S507,N712,AAGGAGTA,TCCTCTAC,2.24,3.72,3,filter,reverse,TYPE_II_L,SAFE Select,yes,yes,no,yes,3436_EXF12_MR,Extrudat,yes,yes,21.24,61.63,yes,C57BL/6 and NMRI,mixed_sex,room_ventilation,yes,26.50,,,,,,
LAB_5,S56,M,8,micro_control,ZM2,1,56,primary,12/5/2020,5,SAH,200,QuantiFluor,299.06,1.83,1.93,4.18,45.82,17/06/2020,1,E,11,7.04,SS_NGS,no,1,1,S507,N714,AAGGAGTA,TCATGAGC,1.28,0.84,3,filter,reverse,TYPE_II_L,SAFE Select,yes,yes,no,yes,3436_EXF12_MR,Extrudat,yes,yes,21.24,61.63,yes,C57BL/6 and NMRI,mixed_sex,room_ventilation,yes,26.00,,,,,,
LAB_5,S57,M,8,micro_control,ZM9,1,57,primary,12/5/2020,5,SAH,200,QuantiFluor,294.41,1.87,1.47,4.25,45.75,17/06/2020,1,E,12,14.16,SS_NGS,no,1,1,S507,N715,AAGGAGTA,CCTGAGAT,2.58,4.73,3,filter,reverse,TYPE_II_L,SAFE Select,yes,yes,no,yes,3436_EXF12_MR,Extrudat,yes,yes,21.24,61.63,yes,C57BL/6 and NMRI,mixed_sex,room_ventilation,yes,27.10,,,,,,
LAB_5,S58,M,8,micro_control,ZM1,1,58,primary,14/5/2020,6,SAH,200,QuantiFluor,164.77,1.88,1.86,7.59,42.41,17/06/2020,1,F,1,10.86,SS_NGS,no,1,1,S508,N701,CTAAGCCT,TCGCCTTA,1.97,2.92,3,filter,reverse,TYPE_II_L,SAFE Select,yes,yes,no,yes,3436_EXF12_MR,Extrudat,yes,yes,21.24,61.63,yes,C57BL/6 and NMRI,mixed_sex,room_ventilation,yes,29.00,,,,,,
LAB_5,S59,M,8,micro_control,ZM11,1,59,primary,14/5/2020,6,SAH,200,QuantiFluor,187.48,1.90,0.82,6.67,43.33,17/06/2020,1,F,2,11.43,SS_NGS,no,1,1,S508,N702,CTAAGCCT,CTAGTACG,2.08,3.24,3,filter,reverse,TYPE_II_L,SAFE Select,yes,yes,no,yes,3436_EXF12_MR,Extrudat,yes,yes,21.24,61.63,yes,C57BL/6 and NMRI,mixed_sex,room_ventilation,yes,28.30,,,,,,
LAB_5,S60,M,8,micro_control,ZM12,1,60,primary,14/5/2020,6,SAH,200,QuantiFluor,223.47,1.89,1.22,5.59,44.41,17/06/2020,1,F,3,15.72,SS_NGS,no,1,1,S508,N703,CTAAGCCT,TTCTGCCT,2.86,5.58,3,filter,reverse,TYPE_II_L,SAFE Select,yes,yes,no,yes,3436_EXF12_MR,Extrudat,yes,yes,21.24,61.63,yes,C57BL/6 and NMRI,mixed_sex,room_ventilation,yes,25.10,,,,,,
,MFV_NTC_03B,,,,,,,neg_control,14/5/2020,6,SAH,100,,-1.61,1.67,0.16,,,17/06/2020,1,F,4,0.00,SS_NGS,no,1,1,S508,N704,CTAAGCCT,GCTCAGGA,,,5,,,,,,,,,,,,,,,,,,,,,,,,,,
LAB_1,69A,F,14,gene_expr,1HF8,2,1,primary,14/5/2020,6,SAH,200,QuantiFluor,181.66,1.88,1.75,6.88,43.12,17/06/2020,1,F,5,8.23,SS_NGS,no,1,1,S508,N705,CTAAGCCT,AGGAGTCC,1.50,1.49,3,filter,normal,2L,poplar,yes,no,yes,yes,Altromin1324TPF,TPF,yes,no,20-23,55,yes,rats,mixed_sex,room_air_change,yes,,17.70,20.90,20.70,20.90,21.00,
LAB_1,84B,F,14,gene_expr,1HF3,2,2,primary,14/5/2020,6,SAH,200,QuantiFluor,125.11,1.89,1.51,9.99,40.01,17/06/2020,1,F,6,8.16,SS_NGS,no,1,1,S508,N706,CTAAGCCT,CATGCCTA,1.48,1.45,3,filter,normal,2L,poplar,yes,no,yes,yes,Altromin1324TPF,TPF,yes,no,20-23,55,yes,rats,mixed_sex,room_air_change,yes,,17.20,19.70,18.70,19.80,20.00,
LAB_1,119B,F,14,gene_expr,1HF5,2,3,primary,14/5/2020,6,SAH,200,QuantiFluor,164.19,1.91,1.77,7.61,42.39,17/06/2020,1,F,7,22.12,SS_NGS,no,1,1,S508,N707,CTAAGCCT,GTAGAGAG,4.02,9.07,3,filter,normal,2L,poplar,yes,no,yes,yes,Altromin1324TPF,TPF,yes,no,20-23,55,yes,rats,mixed_sex,room_air_change,yes,,18.00,20.80,23.60,23.50,21.00,
LAB_1,99A,F,14,gene_expr,1HF11,2,4,primary,14/5/2020,6,SAH,200,QuantiFluor,121.06,1.93,0.50,10.33,39.67,17/06/2020,1,F,8,18.12,SS_NGS,no,1,1,S508,N710,CTAAGCCT,CAGCCTCG,3.29,6.88,3,filter,normal,2L,poplar,yes,no,yes,yes,Altromin1324TPF,TPF,yes,no,20-23,55,yes,rats,mixed_sex,room_air_change,yes,,18.50,21.10,21.40,19.50,21.30,
LAB_1,75B,F,14,gene_expr,1HF9,2,5,primary,14/5/2020,6,SAH,200,QuantiFluor,235.03,1.90,1.64,5.32,44.68,17/06/2020,1,F,9,7.89,SS_NGS,no,1,1,S508,N711,CTAAGCCT,TGCCTCTT,1.43,1.30,3,filter,normal,2L,poplar,yes,no,yes,yes,Altromin1324TPF,TPF,yes,no,20-23,55,yes,rats,mixed_sex,room_air_change,yes,,16.70,19.30,19.00,19.00,19.60,
LAB_1,117A,F,14,gene_expr,1HF14,2,6,primary,14/5/2020,6,SAH,200,QuantiFluor,164.10,1.91,0.52,7.62,42.38,17/06/2020,1,F,10,19.79,SS_NGS,no,1,1,S508,N712,CTAAGCCT,TCCTCTAC,3.60,7.79,3,filter,normal,2L,poplar,yes,no,yes,yes,Altromin1324TPF,TPF,yes,no,20-23,55,yes,rats,mixed_sex,room_air_change,yes,,18.50,21.10,20.00,20.90,21.90,
,MFV_NTC_04,,,,,,,neg_control,14/5/2020,7,SAH,100,,-1.61,2.91,0.09,,,17/06/2020,1,F,11,0.00,SS_NGS,no,1,1,S508,N714,CTAAGCCT,TCATGAGC,,,5,,,,,,,,,,,,,,,,,,,,,,,,,,
LAB_2,110A,F,14,gene_expr,2HF3,2,7,primary,14/5/2020,7,SAH,120,QuantiFluor,246.33,1.90,1.76,5.07,44.93,17/06/2020,1,F,12,20.15,SS_NGS,no,1,1,S508,N715,CTAAGCCT,CCTGAGAT,3.66,7.99,3,filter,normal,Typ22_Biosom,poplar,yes,no,yes,yes,Altromin1324TPF,TPF,yes,no,21,55,yes,mice,mixed_sex,IVC_rack,yes,,16.80,19.30,19.00,20.30,20.80,
LAB_2,90A,F,14,gene_expr,2HF1,2,8,primary,14/5/2020,7,SAH,120,QuantiFluor,217.09,1.89,0.63,5.76,44.24,17/06/2020,1,G,1,0.82,SS_NGS,no,1,1,S510,N701,CGTCTAAT,TCGCCTTA,,,5,filter,normal,Typ22_Biosom,poplar,yes,no,yes,yes,Altromin1324TPF,TPF,yes,no,21,55,yes,mice,mixed_sex,IVC_rack,yes,,16.70,20.80,20.40,20.20,21.40,
LAB_2,76A,F,14,gene_expr,2HF15,2,9,primary,14/5/2020,7,SAH,120,QuantiFluor,275.62,1.88,1.01,4.54,45.46,17/06/2020,1,G,2,8.49,SS_NGS,no,1,1,S510,N702,CGTCTAAT,CTAGTACG,1.54,1.63,3,filter,normal,Typ22_Biosom,poplar,yes,no,yes,yes,Altromin1324TPF,TPF,yes,no,21,55,yes,mice,mixed_sex,IVC_rack,yes,,16.40,19.60,19.80,19.20,20.30,
LAB_2,86A,F,14,gene_expr,2HF4,2,10,primary,14/5/2020,7,SAH,120,QuantiFluor,255.55,1.89,1.92,4.89,45.11,17/06/2020,1,G,3,15.88,SS_NGS,no,1,1,S510,N703,CGTCTAAT,TTCTGCCT,2.89,5.66,3,filter,normal,Typ22_Biosom,poplar,yes,no,yes,yes,Altromin1324TPF,TPF,yes,no,21,55,yes,mice,mixed_sex,IVC_rack,yes,,16.00,17.80,17.80,18.10,19.20,
LAB_2,93A,F,14,gene_expr,2HF14,2,11,primary,14/5/2020,7,SAH,120,QuantiFluor,255.90,1.88,0.95,4.88,45.12,17/06/2020,1,G,4,13.98,SS_NGS,no,1,1,S510,N704,CGTCTAAT,GCTCAGGA,2.54,4.62,3,filter,normal,Typ22_Biosom,poplar,yes,no,yes,yes,Altromin1324TPF,TPF,yes,no,21,55,yes,mice,mixed_sex,IVC_rack,yes,,16.50,20.20,19.60,18.60,19.30,
LAB_2,111B,F,14,gene_expr,2HF12,2,12,primary,14/5/2020,7,SAH,120,QuantiFluor,243.67,1.89,0.78,5.13,44.87,17/06/2020,1,G,5,22.62,SS_NGS,no,1,1,S510,N705,CGTCTAAT,AGGAGTCC,4.11,9.34,3,filter,normal,Typ22_Biosom,poplar,yes,no,yes,yes,Altromin1324TPF,TPF,yes,no,21,55,yes,mice,mixed_sex,IVC_rack,yes,,16.80,19.90,19.70,20.60,21.20,
LAB_3,70B,F,14,gene_expr,BF2,2,13,primary,14/5/2020,7,SAH,120,QuantiFluor,267.85,1.89,1.59,4.67,45.33,17/06/2020,1,G,6,27.88,SS_NGS,no,1,1,S510,N706,CGTCTAAT,CATGCCTA,5.07,12.21,3,open,reverse,Makrolon_III,Lignocel® select,no,yes,yes,no,3430_standard_diet,no_treatment,no,no,22,61,no,,single_sex,room_ventilation,no,,18.90,21.30,21.30,20.80,22.00,
LAB_3,94A,F,14,gene_expr,BF1,2,14,primary,14/5/2020,7,SAH,120,QuantiFluor,278.53,1.88,2.08,4.49,45.51,17/06/2020,1,G,7,7.73,SS_NGS,no,1,1,S510,N707,CGTCTAAT,GTAGAGAG,1.40,1.21,3,open,reverse,Makrolon_III,Lignocel® select,no,yes,yes,no,3430_standard_diet,no_treatment,no,no,22,61,no,,single_sex,room_ventilation,no,,18.40,19.60,19.80,19.70,19.90,
LAB_3,66A,F,14,gene_expr,BF7,2,15,primary,14/5/2020,7,SAH,120,QuantiFluor,219.24,1.90,1.32,5.70,44.30,17/06/2020,1,G,8,10.29,SS_NGS,no,1,1,S510,N710,CGTCTAAT,CAGCCTCG,1.87,2.61,3,open,reverse,Makrolon_III,Lignocel® select,no,yes,yes,no,3430_standard_diet,no_treatment,no,no,22,61,no,,single_sex,room_ventilation,no,,18.60,19.70,19.90,20.30,20.60,
,MFV_NTC_05,,,,,,,neg_control,15/5/2020,9,SAH,80,,1.18,4.60,0.15,,,17/06/2020,1,G,9,0.00,SS_NGS,no,1,1,S510,N711,CGTCTAAT,TGCCTCTT,,,5,,,,,,,,,,,,,,,,,,,,,,,,,,
LAB_3,97B,F,14,gene_expr,BF18,2,16,primary,14/5/2020,8,MEC,120,QuantiFluor,232.06,1.90,0.80,5.39,44.61,17/06/2020,1,G,10,8.87,SS_NGS,no,1,1,S510,N712,CGTCTAAT,TCCTCTAC,1.61,1.84,3,open,reverse,Makrolon_III,Lignocel® select,no,yes,yes,no,3430_standard_diet,no_treatment,no,no,22,61,no,,single_sex,room_ventilation,no,,18.60,19.10,20.30,20.50,20.40,
LAB_3,100B,F,14,gene_expr,BF4,2,17,primary,14/5/2020,8,MEC,120,QuantiFluor,271.25,1.88,1.35,4.61,45.39,17/06/2020,1,G,11,13.91,SS_NGS,no,1,1,S510,N714,CGTCTAAT,TCATGAGC,2.53,4.59,3,open,reverse,Makrolon_III,Lignocel® select,no,yes,yes,no,3430_standard_diet,no_treatment,no,no,22,61,no,,single_sex,room_ventilation,no,,19.20,20.70,21.10,22.20,23.40,
LAB_3,68A,F,14,gene_expr,BF5,2,18,primary,14/5/2020,8,MEC,120,QuantiFluor,258.30,1.89,1.32,4.84,45.16,17/06/2020,1,G,12,10.20,SS_NGS,no,1,1,S510,N715,CGTCTAAT,CCTGAGAT,1.86,2.57,3,open,reverse,Makrolon_III,Lignocel® select,no,yes,yes,no,3430_standard_diet,no_treatment,no,no,22,61,no,,single_sex,room_ventilation,no,,19.00,20.60,20.40,20.80,19.80,
LAB_4,103B,F,14,gene_expr,MF2,2,19,primary,14/5/2020,8,MEC,120,QuantiFluor,250.10,1.89,1.78,5.00,45.00,17/06/2020,1,H,1,12.94,SS_NGS,no,1,1,S511,N701,TCTCTCCG,TCGCCTTA,2.35,4.06,3,open,reverse,Makrolon_III,TierWohl_super,no,yes,no,no,Altromin1324TPF,no_treatment,no,no,22,50-60,yes,"C57BL/6J, DBA/2N and Balb/c",mixed_sex,room_ventilation,yes,,16.10,17.90,18.80,18.90,19.50,
LAB_4,64B,F,14,gene_expr,MF13,2,20,primary,14/5/2020,8,MEC,120,QuantiFluor,256.60,1.90,1.21,4.87,45.13,17/06/2020,1,H,2,11.18,SS_NGS,no,1,1,S511,N702,TCTCTCCG,CTAGTACG,2.03,3.10,3,open,reverse,Makrolon_III,TierWohl_super,no,yes,no,no,Altromin1324TPF,no_treatment,no,no,22,50-60,yes,"C57BL/6J, DBA/2N and Balb/c",mixed_sex,room_ventilation,yes,,17.10,18.90,19.90,20.30,19.90,
LAB_4,71B,F,14,gene_expr,MF9,2,21,primary,14/5/2020,8,MEC,120,QuantiFluor,235.45,1.89,1.72,5.31,44.69,17/06/2020,1,H,3,11.65,SS_NGS,no,1,1,S511,N703,TCTCTCCG,TTCTGCCT,2.12,3.35,3,open,reverse,Makrolon_III,TierWohl_super,no,yes,no,no,Altromin1324TPF,no_treatment,no,no,22,50-60,yes,"C57BL/6J, DBA/2N and Balb/c",mixed_sex,room_ventilation,yes,,18.90,19.90,19.60,20.00,22.00,
LAB_4,63B,F,14,gene_expr,MF3,2,22,primary,14/5/2020,8,MEC,120,QuantiFluor,288.94,1.87,1.47,4.33,45.67,17/06/2020,1,H,4,14.67,SS_NGS,no,1,1,S511,N704,TCTCTCCG,GCTCAGGA,2.67,5.00,3,open,reverse,Makrolon_III,TierWohl_super,no,yes,no,no,Altromin1324TPF,no_treatment,no,no,22,50-60,yes,"C57BL/6J, DBA/2N and Balb/c",mixed_sex,room_ventilation,yes,,14.90,17.40,18.60,18.20,20.00,
LAB_4,101A,F,14,gene_expr,MF7,2,23,primary,14/5/2020,8,MEC,120,QuantiFluor,257.20,1.89,1.93,4.86,45.14,17/06/2020,1,H,5,8.53,SS_NGS,no,1,1,S511,N705,TCTCTCCG,AGGAGTCC,1.55,1.65,3,open,reverse,Makrolon_III,TierWohl_super,no,yes,no,no,Altromin1324TPF,no_treatment,no,no,22,50-60,yes,"C57BL/6J, DBA/2N and Balb/c",mixed_sex,room_ventilation,yes,,17.00,20.10,19.90,19.80,21.10,
LAB_4,62A,F,14,gene_expr,MF5,2,24,primary,14/5/2020,8,MEC,120,QuantiFluor,282.24,1.86,1.15,4.43,45.57,17/06/2020,1,H,6,15.65,SS_NGS,no,1,1,S511,N706,TCTCTCCG,CATGCCTA,2.84,5.53,3,open,reverse,Makrolon_III,TierWohl_super,no,yes,no,no,Altromin1324TPF,no_treatment,no,no,22,50-60,yes,"C57BL/6J, DBA/2N and Balb/c",mixed_sex,room_ventilation,yes,,17.10,19.10,19.00,19.90,20.40,
LAB_5,108B,F,14,gene_expr,ZF2,2,25,primary,14/5/2020,8,MEC,120,QuantiFluor,280.84,1.88,1.66,4.45,45.55,17/06/2020,1,H,7,17.15,SS_NGS,no,1,1,S511,N707,TCTCTCCG,GTAGAGAG,3.12,6.36,3,filter,reverse,TYPE_II_L,SAFE Select,yes,yes,no,yes,3436_EXF12_MR,Extrudat,yes,yes,21.24,61.63,yes,C57BL/6 and NMRI,mixed_sex,room_ventilation,yes,,17.70,19.60,19.40,19.30,20.30,
LAB_5,107B,F,14,gene_expr,ZF6,2,26,primary,15/5/2020,9,SAH,160,QuantiFluor,235.72,1.91,1.55,5.30,44.70,17/06/2020,1,H,8,40.89,SS_NGS,no,1,1,S511,N710,TCTCTCCG,CAGCCTCG,7.43,19.30,3,filter,reverse,TYPE_II_L,SAFE Select,yes,yes,no,yes,3436_EXF12_MR,Extrudat,yes,yes,21.24,61.63,yes,C57BL/6 and NMRI,mixed_sex,room_ventilation,yes,,20.70,20.70,21.60,21.90,22.20,
LAB_5,106A,F,14,gene_expr,ZF17,2,27,primary,15/5/2020,9,SAH,160,QuantiFluor,253.73,1.89,1.42,4.93,45.07,17/06/2020,1,H,9,13.39,SS_NGS,no,1,1,S511,N711,TCTCTCCG,TGCCTCTT,2.43,4.30,3,filter,reverse,TYPE_II_L,SAFE Select,yes,yes,no,yes,3436_EXF12_MR,Extrudat,yes,yes,21.24,61.63,yes,C57BL/6 and NMRI,mixed_sex,room_ventilation,yes,,21.20,21.40,22.70,22.60,23.80,
,Mock01_A,,,,,,,Mock,,,,,,,,,,,17/06/2020,1,H,10,10.69,SS_NGS,no,1,1,S511,N712,TCTCTCCG,TCCTCTAC,1.94,2.83,3,,,,,,,,,,,,,,,,,,,,,,,,,,DNA Standard II catno: D6311
,PCR_NTC_01,,,,,,,PCR_neg_control,,,,,,,,,,,17/06/2020,1,H,12,0.00,SS_NGS,no,1,1,S511,N715,TCTCTCCG,CCTGAGAT,,,5,,,,,,,,,,,,,,,,,,,,,,,,,,UltraPure H2O
LAB_5,83A,F,14,gene_expr,ZF8,2,28,primary,15/5/2020,9,SAH,160,QuantiFluor,215.58,1.92,1.47,5.80,44.20,06/07/2020,2,A,1,14.03,HS_NGS,no,2,1,S513,N701,TCGACTAG,TCGCCTTA,2.55,4.65,3,filter,reverse,TYPE_II_L,SAFE Select,yes,yes,no,yes,3436_EXF12_MR,Extrudat,yes,yes,21.24,61.63,yes,C57BL/6 and NMRI,mixed_sex,room_ventilation,yes,,20.30,20.30,20.50,21.70,21.90,
LAB_5,87B,F,14,gene_expr,ZF16,2,29,primary,15/5/2020,9,SAH,160,QuantiFluor,218.34,1.89,1.60,5.72,44.28,06/07/2020,2,A,2,15.89,HS_NGS,no,2,1,S513,N702,TCGACTAG,CTAGTACG,2.89,5.66,3,filter,reverse,TYPE_II_L,SAFE Select,yes,yes,no,yes,3436_EXF12_MR,Extrudat,yes,yes,21.24,61.63,yes,C57BL/6 and NMRI,mixed_sex,room_ventilation,yes,,19.10,19.60,19.90,19.40,21.80,
LAB_5,96B,F,14,gene_expr,ZF15,2,30,primary,15/5/2020,9,SAH,160,QuantiFluor,172.03,1.88,1.23,7.27,42.73,06/07/2020,2,A,3,16.64,HS_NGS,no,2,1,S513,N703,TCGACTAG,TTCTGCCT,3.03,6.08,3,filter,reverse,TYPE_II_L,SAFE Select,yes,yes,no,yes,3436_EXF12_MR,Extrudat,yes,yes,21.24,61.63,yes,C57BL/6 and NMRI,mixed_sex,room_ventilation,yes,,19.40,20.40,20.80,20.60,21.30,
LAB_1,22A,M,14,gene_expr,1HM1,2,31,primary,15/5/2020,9,SAH,160,QuantiFluor,221.03,1.89,1.84,5.66,44.34,06/07/2020,2,A,4,20.38,HS_NGS,no,3,1,S513,N704,TCGACTAG,GCTCAGGA,3.71,8.12,3,filter,normal,2L,poplar,yes,no,yes,yes,Altromin1324TPF,TPF,yes,no,20-23,55,yes,rats,mixed_sex,room_air_change,yes,,25.10,28.80,27.60,29.30,29.90,
LAB_1,33A,M,14,gene_expr,1HM6,2,32,primary,15/5/2020,9,SAH,160,QuantiFluor,191.80,1.89,0.99,6.52,43.48,06/07/2020,2,A,5,23.39,HS_NGS,no,2,1,S513,N705,TCGACTAG,AGGAGTCC,4.25,9.76,3,filter,normal,2L,poplar,yes,no,yes,yes,Altromin1324TPF,TPF,yes,no,20-23,55,yes,rats,mixed_sex,room_air_change,yes,,22.00,25.50,25.70,26.80,27.40,
LAB_1,9A,M,14,gene_expr,1HM3,2,33,primary,15/5/2020,9,SAH,160,QuantiFluor,155.51,1.89,1.26,8.04,41.96,06/07/2020,2,A,6,19.63,HS_NGS,no,2,1,S513,N706,TCGACTAG,CATGCCTA,3.57,7.71,3,filter,normal,2L,poplar,yes,no,yes,yes,Altromin1324TPF,TPF,yes,no,20-23,55,yes,rats,mixed_sex,room_air_change,yes,,22.60,25.20,24.70,25.00,25.90,
LAB_1,21A,M,14,gene_expr,1HM8,2,34,primary,15/5/2020,9,SAH,160,QuantiFluor,138.04,1.91,0.46,9.06,40.94,06/07/2020,2,A,7,18.23,HS_NGS,no,2,1,S513,N707,TCGACTAG,GTAGAGAG,3.31,6.94,3,filter,normal,2L,poplar,yes,no,yes,yes,Altromin1324TPF,TPF,yes,no,20-23,55,yes,rats,mixed_sex,room_air_change,yes,,21.80,25.90,26.30,27.20,28.50,
,MFV_NTC_06,,,,,,,neg_control,19/5/2020,10,MEC,80,,1.10,3.18,0.16,,,06/07/2020,2,A,8,0.01,HS_NGS,no,2,1,S513,N710,TCGACTAG,CAGCCTCG,,,,,,,,,,,,,,,,,,,,,,,,,,,,,
LAB_1,1B,M,14,gene_expr,1HM12,2,35,primary,19/5/2020,10,MEC,160,QuantiFluor,289.55,1.87,1.96,4.32,45.68,06/07/2020,2,A,9,23.62,HS_NGS,no,2,1,S513,N711,TCGACTAG,TGCCTCTT,4.29,9.88,3,filter,normal,2L,poplar,yes,no,yes,yes,Altromin1324TPF,TPF,yes,no,20-23,55,yes,rats,mixed_sex,room_air_change,yes,,22.60,25.00,26.10,28.00,29.00,
LAB_1,51A,M,14,gene_expr,1HM10,2,36,primary,19/5/2020,10,MEC,160,QuantiFluor,222.67,1.88,1.17,5.61,44.39,06/07/2020,2,A,10,21.67,HS_NGS,no,3,1,S513,N712,TCGACTAG,TCCTCTAC,3.94,8.82,3,filter,normal,2L,poplar,yes,no,yes,yes,Altromin1324TPF,TPF,yes,no,20-23,55,yes,rats,mixed_sex,room_air_change,yes,,21.80,24.20,24.80,25.50,27.20,
LAB_2,55B,M,14,gene_expr,2HM4,2,37,primary,19/5/2020,10,MEC,160,QuantiFluor,233.86,1.88,0.98,5.35,44.65,06/07/2020,2,A,11,21.20,HS_NGS,no,3,1,S513,N714,TCGACTAG,TCATGAGC,3.85,8.56,3,filter,normal,Typ22_Biosom,poplar,yes,no,yes,yes,Altromin1324TPF,TPF,yes,no,21,55,yes,mice,mixed_sex,IVC_rack,yes,,22.30,24.30,24.80,24.90,25.30,
LAB_2,4B,M,14,gene_expr,2HM6,2,38,primary,19/5/2020,10,MEC,160,QuantiFluor,100.67,1.93,1.01,12.42,37.58,06/07/2020,2,A,12,19.38,HS_NGS,no,3,1,S513,N715,TCGACTAG,CCTGAGAT,3.52,7.57,3,filter,normal,Typ22_Biosom,poplar,yes,no,yes,yes,Altromin1324TPF,TPF,yes,no,21,55,yes,mice,mixed_sex,IVC_rack,yes,,22.60,25.60,25.80,27.00,27.80,
LAB_2,45A,M,14,gene_expr,2HM8,2,40,primary,19/5/2020,10,MEC,160,QuantiFluor,228.90,1.88,1.86,5.46,44.54,06/07/2020,2,B,1,21.07,HS_NGS,no,2,1,S515,N701,TTCTAGCT,TCGCCTTA,3.83,8.49,3,filter,normal,Typ22_Biosom,poplar,yes,no,yes,yes,Altromin1324TPF,TPF,yes,no,21,55,yes,mice,mixed_sex,IVC_rack,yes,,20.90,26.30,26.50,26.50,26.90,
LAB_2,44A,M,14,gene_expr,2HM12,2,42,primary,19/5/2020,10,MEC,160,QuantiFluor,289.35,1.88,1.36,4.32,45.68,06/07/2020,2,B,3,21.19,HS_NGS,no,2,1,S515,N703,TTCTAGCT,TTCTGCCT,3.85,8.56,3,filter,normal,Typ22_Biosom,poplar,yes,no,yes,yes,Altromin1324TPF,TPF,yes,no,21,55,yes,mice,mixed_sex,IVC_rack,yes,,20.40,23.00,22.80,24.20,24.50,
LAB_3,34B,M,14,gene_expr,BM4,2,43,primary,19/5/2020,10,MEC,160,QuantiFluor,294.85,1.90,1.30,4.24,45.76,06/07/2020,2,B,4,20.85,HS_NGS,no,3,1,S515,N704,TTCTAGCT,GCTCAGGA,3.79,8.37,3,open,reverse,Makrolon_III,Lignocel® select,no,yes,yes,no,3430_standard_diet,no_treatment,no,no,22,61,no,,single_sex,room_ventilation,no,,26.30,27.30,28.40,29.80,29.70,
,MFV_NTC_07,,,,,,,neg_control,19/5/2020,11,SAH,80,,1.06,4.74,0.04,,,06/07/2020,2,B,5,0.02,HS_NGS,no,3,1,S515,N705,TTCTAGCT,AGGAGTCC,,,5,,,,,,,,,,,,,,,,,,,,,,,,,,
LAB_3,25B,M,14,gene_expr,BM5,2,44,primary,19/5/2020,11,SAH,160,QuantiFluor,216.26,1.89,1.24,5.78,44.22,06/07/2020,2,B,6,21.52,HS_NGS,no,2,1,S515,N706,TTCTAGCT,CATGCCTA,3.91,8.74,3,open,reverse,Makrolon_III,Lignocel® select,no,yes,yes,no,3430_standard_diet,no_treatment,no,no,22,61,no,,single_sex,room_ventilation,no,,24.50,26.30,26.70,28.30,29.00,
LAB_3,35A,M,14,gene_expr,BM7,2,45,primary,19/5/2020,11,SAH,160,QuantiFluor,245.63,1.88,1.05,5.09,44.91,06/07/2020,2,B,7,24.44,HS_NGS,no,2,1,S515,N707,TTCTAGCT,GTAGAGAG,4.44,10.33,3,open,reverse,Makrolon_III,Lignocel® select,no,yes,yes,no,3430_standard_diet,no_treatment,no,no,22,61,no,,single_sex,room_ventilation,no,,23.60,25.50,25.80,27.00,27.90,
LAB_3,47A,M,14,gene_expr,BM8,2,46,primary,19/5/2020,11,SAH,160,QuantiFluor,211.85,1.91,1.51,5.90,44.10,06/07/2020,2,B,8,19.78,HS_NGS,no,2,1,S515,N710,TTCTAGCT,CAGCCTCG,3.60,7.79,3,open,reverse,Makrolon_III,Lignocel® select,no,yes,yes,no,3430_standard_diet,no_treatment,no,no,22,61,no,,single_sex,room_ventilation,no,,26.30,28.10,29.10,29.70,29.40,
LAB_3,26A,M,14,gene_expr,BM9,2,47,primary,19/5/2020,11,SAH,160,QuantiFluor,239.21,1.88,1.39,5.23,44.77,06/07/2020,2,B,9,22.38,HS_NGS,no,3,1,S515,N711,TTCTAGCT,TGCCTCTT,4.07,9.21,3,open,reverse,Makrolon_III,Lignocel® select,no,yes,yes,no,3430_standard_diet,no_treatment,no,no,22,61,no,,single_sex,room_ventilation,no,,24.00,27.10,27.30,28.10,28.80,
LAB_3,27B,M,14,gene_expr,BM12,2,48,primary,19/5/2020,11,SAH,160,QuantiFluor,167.14,1.89,1.10,7.48,42.52,06/07/2020,2,B,10,19.04,HS_NGS,no,2,1,S515,N712,TTCTAGCT,TCCTCTAC,3.46,7.39,3,open,reverse,Makrolon_III,Lignocel® select,no,yes,yes,no,3430_standard_diet,no_treatment,no,no,22,61,no,,single_sex,room_ventilation,no,,25.00,27.40,27.70,27.70,29.10,
LAB_4,23B,M,14,gene_expr,MM9,2,49,primary,19/5/2020,11,SAH,160,QuantiFluor,297.61,1.88,1.65,4.20,45.80,06/07/2020,2,B,11,20.56,HS_NGS,no,2,1,S515,N714,TTCTAGCT,TCATGAGC,3.74,8.21,3,open,reverse,Makrolon_III,TierWohl_super,no,yes,no,no,Altromin1324TPF,no_treatment,no,no,22,50-60,yes,"C57BL/6J, DBA/2N and Balb/c",mixed_sex,room_ventilation,yes,,23.60,25.60,27.10,27.50,28.00,
LAB_4,39B,M,14,gene_expr,MM2,2,50,primary,19/5/2020,11,SAH,160,QuantiFluor,247.31,1.88,1.38,5.05,44.95,06/07/2020,2,B,12,18.69,HS_NGS,no,2,1,S515,N715,TTCTAGCT,CCTGAGAT,3.40,7.19,3,open,reverse,Makrolon_III,TierWohl_super,no,yes,no,no,Altromin1324TPF,no_treatment,no,no,22,50-60,yes,"C57BL/6J, DBA/2N and Balb/c",mixed_sex,room_ventilation,yes,,23.80,25.30,25.50,26.70,28.10,
LAB_4,29B,M,14,gene_expr,MM15,2,51,primary,19/5/2020,11,SAH,160,QuantiFluor,289.27,1.88,1.30,4.32,45.68,06/07/2020,2,C,1,24.64,HS_NGS,no,2,1,S516,N701,CCTAGAGT,TCGCCTTA,4.48,10.44,3,open,reverse,Makrolon_III,TierWohl_super,no,yes,no,no,Altromin1324TPF,no_treatment,no,no,22,50-60,yes,"C57BL/6J, DBA/2N and Balb/c",mixed_sex,room_ventilation,yes,,21.40,25.70,26.80,26.80,26.90,
,MFV_NTC_08,,,,,,,neg_control,22/5/2020,12,SAH,80,Qubit,0.00,2.07,0.05,,,06/07/2020,2,C,3,0.01,HS_NGS,no,3,1,S516,N703,CCTAGAGT,TTCTGCCT,,,5,,,,,,,,,,,,,,,,,,,,,,,,,,Qubit out of range
LAB_4,48A,M,14,gene_expr,MM18,2,53,primary,19/5/2020,10,MEC,160,QuantiFluor,182.71,1.87,0.77,6.84,43.16,06/07/2020,2,C,4,17.50,HS_NGS,no,2,1,S516,N704,CCTAGAGT,GCTCAGGA,3.18,6.55,3,open,reverse,Makrolon_III,TierWohl_super,no,yes,no,no,Altromin1324TPF,no_treatment,no,no,22,50-60,yes,"C57BL/6J, DBA/2N and Balb/c",mixed_sex,room_ventilation,yes,,19.50,22.90,22.90,23.20,23.70,
LAB_4,60B,M,14,gene_expr,MM16,2,54,primary,22/5/2020,12,SAH,160,Qubit,270.00,1.88,0.91,4.63,45.37,06/07/2020,2,C,5,32.53,HS_NGS,no,2,1,S516,N705,CCTAGAGT,AGGAGTCC,5.91,14.74,3,open,reverse,Makrolon_III,TierWohl_super,no,yes,no,no,Altromin1324TPF,no_treatment,no,no,22,50-60,yes,"C57BL/6J, DBA/2N and Balb/c",mixed_sex,room_ventilation,yes,,19.60,22.40,23.30,25.20,25.80,labelled 60A?
LAB_5,24A,M,14,gene_expr,ZM10,2,55,primary,22/5/2020,12,SAH,160,Qubit,218.00,1.88,1.43,5.73,44.27,06/07/2020,2,C,6,23.76,HS_NGS,no,2,1,S516,N706,CCTAGAGT,CATGCCTA,4.32,9.96,3,filter,reverse,TYPE_II_L,SAFE Select,yes,yes,no,yes,3436_EXF12_MR,Extrudat,yes,yes,21.24,61.63,yes,C57BL/6 and NMRI,mixed_sex,room_ventilation,yes,,25.50,25.90,25.60,26.80,28.00,
LAB_5,8A,M,14,gene_expr,ZM2,2,56,primary,22/5/2020,12,SAH,160,Qubit,340.00,1.87,1.89,3.68,46.32,06/07/2020,2,C,7,21.97,HS_NGS,no,2,1,S516,N707,CCTAGAGT,GTAGAGAG,3.99,8.98,3,filter,reverse,TYPE_II_L,SAFE Select,yes,yes,no,yes,3436_EXF12_MR,Extrudat,yes,yes,21.24,61.63,yes,C57BL/6 and NMRI,mixed_sex,room_ventilation,yes,,23.50,23.80,23.40,24.10,24.60,
LAB_5,56A,M,14,gene_expr,ZM9,2,57,primary,22/5/2020,12,SAH,160,Qubit,196.00,1.88,1.53,6.38,43.62,06/07/2020,2,C,8,16.86,HS_NGS,no,2,1,S516,N710,CCTAGAGT,CAGCCTCG,3.06,6.19,3,filter,reverse,TYPE_II_L,SAFE Select,yes,yes,no,yes,3436_EXF12_MR,Extrudat,yes,yes,21.24,61.63,yes,C57BL/6 and NMRI,mixed_sex,room_ventilation,yes,,26.40,26.70,26.50,26.40,26.80,
LAB_5,42A,M,14,gene_expr,ZM1,2,58,primary,22/5/2020,12,SAH,160,Qubit,164.00,1.87,1.11,7.62,42.38,06/07/2020,2,C,9,17.37,HS_NGS,no,2,1,S516,N711,CCTAGAGT,TGCCTCTT,3.16,6.47,3,filter,reverse,TYPE_II_L,SAFE Select,yes,yes,no,yes,3436_EXF12_MR,Extrudat,yes,yes,21.24,61.63,yes,C57BL/6 and NMRI,mixed_sex,room_ventilation,yes,,28.10,29.40,28.30,29.50,27.30,
LAB_5,17B,M,14,gene_expr,ZM11,2,59,primary,22/5/2020,12,SAH,160,Qubit,181.00,1.89,1.87,6.91,43.09,06/07/2020,2,C,10,15.30,HS_NGS,no,2,1,S516,N712,CCTAGAGT,TCCTCTAC,2.78,5.34,3,filter,reverse,TYPE_II_L,SAFE Select,yes,yes,no,yes,3436_EXF12_MR,Extrudat,yes,yes,21.24,61.63,yes,C57BL/6 and NMRI,mixed_sex,room_ventilation,yes,,25.10,26.50,26.20,26.50,26.80,
LAB_5,12B,M,14,gene_expr,ZM12,2,60,primary,22/5/2020,12,SAH,160,Qubit,163.00,1.89,0.92,7.67,42.33,06/07/2020,2,C,11,15.36,HS_NGS,no,2,1,S516,N714,CCTAGAGT,TCATGAGC,2.79,5.38,3,filter,reverse,TYPE_II_L,SAFE Select,yes,yes,no,yes,3436_EXF12_MR,Extrudat,yes,yes,21.24,61.63,yes,C57BL/6 and NMRI,mixed_sex,room_ventilation,yes,,24.90,26.60,26.50,27.10,28.70,
,MFV_NTC_09,,,,,,,neg_control,29/5/2020,13,SAH,80,,,-6.71,0.01,,,06/07/2020,2,D,1,0.04,HS_NGS,no,3,1,S517,N701,GCGTAAGA,TCGCCTTA,,,5,,,,,,,,,,,,,,,,,,,,,,,,,,
LAB_1,69B,F,14,behaviour,1HF8,3,1,primary,29/5/2020,14,SAH,240,Qubit,96.00,1.90,0.89,13.02,36.98,06/07/2020,2,D,2,25.19,HS_NGS,no,2,1,S517,N702,GCGTAAGA,CTAGTACG,4.58,10.74,3,filter,normal,2L,poplar,yes,no,yes,yes,Altromin1324TPF,TPF,yes,no,20-23,55,yes,rats,mixed_sex,room_air_change,yes,,19.20,22.20,21.80,21.80,23.50,sample divided into 3 columns
LAB_1,84A,F,14,behaviour,1HF3,3,2,primary,29/5/2020,14,SAH,160,Qubit,226.00,1.91,0.88,5.53,44.47,06/07/2020,2,D,3,23.70,HS_NGS,no,2,1,S517,N703,GCGTAAGA,TTCTGCCT,4.31,9.93,3,filter,normal,2L,poplar,yes,no,yes,yes,Altromin1324TPF,TPF,yes,no,20-23,55,yes,rats,mixed_sex,room_air_change,yes,,17.10,19.80,19.60,19.80,21.00,
LAB_1,119A,F,14,behaviour,1HF5,3,3,primary,29/5/2020,14,SAH,160,Qubit,151.00,1.90,0.74,8.28,41.72,06/07/2020,2,D,4,15.76,HS_NGS,no,2,1,S517,N704,GCGTAAGA,GCTCAGGA,2.87,5.60,3,filter,normal,2L,poplar,yes,no,yes,yes,Altromin1324TPF,TPF,yes,no,20-23,55,yes,rats,mixed_sex,room_air_change,yes,,17.60,20.70,20.80,20.80,21.50,
LAB_1,99B,F,14,behaviour,1HF11,3,4,primary,29/5/2020,14,SAH,160,Qubit,128.00,1.90,0.42,9.77,40.23,06/07/2020,2,D,5,16.35,HS_NGS,no,2,1,S517,N705,GCGTAAGA,AGGAGTCC,2.97,5.92,3,filter,normal,2L,poplar,yes,no,yes,yes,Altromin1324TPF,TPF,yes,no,20-23,55,yes,rats,mixed_sex,room_air_change,yes,,18.30,20.70,19.80,20.50,22.40,centrifuged twice 
LAB_1,75A,F,14,behaviour,1HF9,3,5,primary,29/5/2020,14,SAH,160,Qubit,123.00,1.91,0.63,10.16,39.84,06/07/2020,2,D,6,20.61,HS_NGS,no,2,1,S517,N706,GCGTAAGA,CATGCCTA,3.75,8.24,3,filter,normal,2L,poplar,yes,no,yes,yes,Altromin1324TPF,TPF,yes,no,20-23,55,yes,rats,mixed_sex,room_air_change,yes,,16.90,20.50,20.60,20.00,21.50,
LAB_1,117B,F,14,behaviour,1HF14,3,6,primary,29/5/2020,14,SAH,160,Qubit,202.00,1.89,0.99,6.19,43.81,06/07/2020,2,D,7,26.18,HS_NGS,no,2,1,S517,N707,GCGTAAGA,GTAGAGAG,4.76,11.28,3,filter,normal,2L,poplar,yes,no,yes,yes,Altromin1324TPF,TPF,yes,no,20-23,55,yes,rats,mixed_sex,room_air_change,yes,,18.60,21.80,22.50,22.40,22.10,
LAB_2,110B,F,14,behaviour,2HF3,3,7,primary,29/5/2020,14,SAH,160,Qubit,181.00,1.89,0.69,6.91,43.09,06/07/2020,2,D,8,33.00,HS_NGS,no,2,1,S517,N710,GCGTAAGA,CAGCCTCG,6.00,15.00,3,filter,normal,Typ22_Biosom,poplar,yes,no,yes,yes,Altromin1324TPF,TPF,yes,no,21,55,yes,mice,mixed_sex,IVC_rack,yes,,16.90,19.10,19.70,19.30,20.50,
LAB_2,90B,F,14,behaviour,2HF1,3,8,primary,29/5/2020,14,SAH,160,Qubit,181.00,1.91,0.87,6.91,43.09,06/07/2020,2,D,9,21.51,HS_NGS,no,2,1,S517,N711,GCGTAAGA,TGCCTCTT,3.91,8.73,3,filter,normal,Typ22_Biosom,poplar,yes,no,yes,yes,Altromin1324TPF,TPF,yes,no,21,55,yes,mice,mixed_sex,IVC_rack,yes,,16.30,20.20,20.10,20.50,21.90,
LAB_2,76B,F,14,behaviour,2HF15,3,9,primary,29/5/2020,14,SAH,160,Qubit,194.00,1.91,0.95,6.44,43.56,06/07/2020,2,D,10,21.41,HS_NGS,no,2,1,S517,N712,GCGTAAGA,TCCTCTAC,3.89,8.68,3,filter,normal,Typ22_Biosom,poplar,yes,no,yes,yes,Altromin1324TPF,TPF,yes,no,21,55,yes,mice,mixed_sex,IVC_rack,yes,,16.20,19.10,19.30,18.60,20.20,
,MFV_NTC_10,,,,,,,neg_control,29/5/2020,14,SAH,80,,,2.07,0.14,,,06/07/2020,2,D,11,0.02,HS_NGS,no,3,1,S517,N714,GCGTAAGA,TCATGAGC,,,5,,,,,,,,,,,,,,,,,,,,,,,,,,
LAB_2,86B,F,14,behaviour,2HF4,3,10,primary,29/5/2020,15,MEC,160,Qubit,324.00,1.88,1.97,3.86,46.14,06/07/2020,2,D,12,14.00,HS_NGS,no,2,1,S517,N715,GCGTAAGA,CCTGAGAT,2.55,4.64,3,filter,normal,Typ22_Biosom,poplar,yes,no,yes,yes,Altromin1324TPF,TPF,yes,no,21,55,yes,mice,mixed_sex,IVC_rack,yes,,16.30,19.30,19.70,19.40,19.70,
LAB_2,93B,F,14,behaviour,2HF14,3,11,primary,29/5/2020,15,MEC,160,Qubit,418.00,1.88,2.04,2.99,47.01,06/07/2020,2,E,1,23.17,HS_NGS,no,2,1,S518,N701,CTATTAAG,TCGCCTTA,4.21,9.64,3,filter,normal,Typ22_Biosom,poplar,yes,no,yes,yes,Altromin1324TPF,TPF,yes,no,21,55,yes,mice,mixed_sex,IVC_rack,yes,,16.30,18.60,20.00,18.30,19.80,
LAB_2,111A,F,14,behaviour,2HF12,3,12,primary,29/5/2020,15,MEC,160,Qubit,232.00,1.89,1.70,5.39,44.61,06/07/2020,2,E,2,21.36,HS_NGS,no,2,1,S518,N702,CTATTAAG,CTAGTACG,3.88,8.65,3,filter,normal,Typ22_Biosom,poplar,yes,no,yes,yes,Altromin1324TPF,TPF,yes,no,21,55,yes,mice,mixed_sex,IVC_rack,yes,,18.40,20.40,21.30,21.70,22.60,
LAB_3,70A,F,14,behaviour,BF2,3,13,primary,29/5/2020,15,MEC,160,Qubit,214.00,1.93,0.93,5.84,44.16,06/07/2020,2,E,3,23.65,HS_NGS,no,2,1,S518,N703,CTATTAAG,TTCTGCCT,4.30,9.90,3,open,reverse,Makrolon_III,Lignocel® select,no,yes,yes,no,3430_standard_diet,no_treatment,no,no,22,61,no,,single_sex,room_ventilation,no,,18.80,21.80,21.00,20.80,21.80,
LAB_3,94B,F,14,behaviour,BF1,3,14,primary,29/5/2020,15,MEC,160,Qubit,238.00,1.91,1.40,5.25,44.75,06/07/2020,2,E,4,30.56,HS_NGS,no,2,1,S518,N704,CTATTAAG,GCTCAGGA,5.56,13.67,3,open,reverse,Makrolon_III,Lignocel® select,no,yes,yes,no,3430_standard_diet,no_treatment,no,no,22,61,no,,single_sex,room_ventilation,no,,18.60,20.40,19.80,20.50,20.70,
LAB_3,66B,F,14,behaviour,BF7,3,15,primary,29/5/2020,15,MEC,160,Qubit,270.00,1.89,1.51,4.63,45.37,06/07/2020,2,E,5,17.37,HS_NGS,no,2,1,S518,N705,CTATTAAG,AGGAGTCC,3.16,6.47,3,open,reverse,Makrolon_III,Lignocel® select,no,yes,yes,no,3430_standard_diet,no_treatment,no,no,22,61,no,,single_sex,room_ventilation,no,,18.10,19.40,19.80,21.00,21.00,
LAB_3,97A,F,14,behaviour,BF18,3,16,primary,29/5/2020,15,MEC,160,Qubit,212.00,1.90,0.98,5.90,44.10,06/07/2020,2,E,6,28.12,HS_NGS,no,2,1,S518,N706,CTATTAAG,CATGCCTA,5.11,12.34,3,open,reverse,Makrolon_III,Lignocel® select,no,yes,yes,no,3430_standard_diet,no_treatment,no,no,22,61,no,,single_sex,room_ventilation,no,,18.20,19.90,19.60,20.00,21.00,
LAB_3,100A,F,14,behaviour,BF4,3,17,primary,29/5/2020,15,MEC,160,Qubit,254.00,1.91,1.87,4.92,45.08,06/07/2020,2,E,7,21.92,HS_NGS,no,2,1,S518,N707,CTATTAAG,GTAGAGAG,3.99,8.96,3,open,reverse,Makrolon_III,Lignocel® select,no,yes,yes,no,3430_standard_diet,no_treatment,no,no,22,61,no,,single_sex,room_ventilation,no,,19.10,20.50,20.30,21.10,21.80,
LAB_3,68B,F,14,behaviour,BF5,3,18,primary,29/5/2020,15,MEC,160,Qubit,137.00,1.90,0.62,9.12,40.88,06/07/2020,2,E,8,15.14,HS_NGS,no,2,1,S518,N710,CTATTAAG,CAGCCTCG,2.75,5.26,3,open,reverse,Makrolon_III,Lignocel® select,no,yes,yes,no,3430_standard_diet,no_treatment,no,no,22,61,no,,single_sex,room_ventilation,no,,18.00,20.20,19.80,19.80,18.70,
,MFV_NTC_11,,,,,,,neg_control,29/5/2020,15,MEC,80,,,4.23,0.12,,,06/07/2020,2,E,9,0.02,HS_NGS,no,3,1,S518,N711,CTATTAAG,TGCCTCTT,,,5,,,,,,,,,,,,,,,,,,,,,,,,,,
LAB_4,103A,F,14,behaviour,MF2,3,19,primary,2/6/2020,16,SAH,160,Qubit,312.00,1.90,2.01,4.01,45.99,06/07/2020,2,E,10,24.92,HS_NGS,no,2,1,S518,N712,CTATTAAG,TCCTCTAC,4.53,10.59,3,open,reverse,Makrolon_III,TierWohl_super,no,yes,no,no,Altromin1324TPF,no_treatment,no,no,22,50-60,yes,"C57BL/6J, DBA/2N and Balb/c",mixed_sex,room_ventilation,yes,,16.00,18.40,18.30,17.90,19.10,
LAB_4,64A,F,14,behaviour,MF13,3,20,primary,2/6/2020,16,SAH,160,Qubit,191.00,1.89,1.80,6.54,43.46,06/07/2020,2,E,11,20.76,HS_NGS,no,2,1,S518,N714,CTATTAAG,TCATGAGC,3.78,8.33,3,open,reverse,Makrolon_III,TierWohl_super,no,yes,no,no,Altromin1324TPF,no_treatment,no,no,22,50-60,yes,"C57BL/6J, DBA/2N and Balb/c",mixed_sex,room_ventilation,yes,,18.40,21.30,21.10,20.80,22.40,
LAB_4,71A,F,14,behaviour,MF9,3,21,primary,2/6/2020,16,SAH,160,Qubit,197.00,1.89,1.68,6.35,43.65,06/07/2020,2,E,12,14.16,HS_NGS,no,2,1,S518,N715,CTATTAAG,CCTGAGAT,2.57,4.72,3,open,reverse,Makrolon_III,TierWohl_super,no,yes,no,no,Altromin1324TPF,no_treatment,no,no,22,50-60,yes,"C57BL/6J, DBA/2N and Balb/c",mixed_sex,room_ventilation,yes,,18.70,20.30,20.10,21.00,22.60,
LAB_4,63A,F,14,behaviour,MF3,3,22,primary,2/6/2020,16,SAH,160,Qubit,342.00,1.89,2.01,3.65,46.35,06/07/2020,2,F,1,16.17,HS_NGS,no,2,1,S520,N701,AAGGCTAT,TCGCCTTA,2.94,5.82,3,open,reverse,Makrolon_III,TierWohl_super,no,yes,no,no,Altromin1324TPF,no_treatment,no,no,22,50-60,yes,"C57BL/6J, DBA/2N and Balb/c",mixed_sex,room_ventilation,yes,,16.30,18.90,18.90,18.40,21.00,
LAB_4,101B,F,14,behaviour,MF7,3,23,primary,2/6/2020,16,SAH,160,Qubit,218.00,1.89,0.59,5.73,44.27,06/07/2020,2,F,2,15.82,HS_NGS,no,2,1,S520,N702,AAGGCTAT,CTAGTACG,2.88,5.63,3,open,reverse,Makrolon_III,TierWohl_super,no,yes,no,no,Altromin1324TPF,no_treatment,no,no,22,50-60,yes,"C57BL/6J, DBA/2N and Balb/c",mixed_sex,room_ventilation,yes,,15.50,17.80,18.00,18.50,18.90,
LAB_4,62B,F,14,behaviour,MF5,3,24,primary,2/6/2020,16,SAH,160,Qubit,314.00,1.89,0.77,3.98,46.02,06/07/2020,2,F,3,17.71,HS_NGS,no,2,1,S520,N703,AAGGCTAT,TTCTGCCT,3.22,6.66,3,open,reverse,Makrolon_III,TierWohl_super,no,yes,no,no,Altromin1324TPF,no_treatment,no,no,22,50-60,yes,"C57BL/6J, DBA/2N and Balb/c",mixed_sex,room_ventilation,yes,,16.20,18.80,18.20,17.90,18.20,
LAB_5,108A,F,14,behaviour,ZF2,3,25,primary,2/6/2020,16,SAH,160,Qubit,153.00,1.90,0.48,8.17,41.83,06/07/2020,2,F,4,24.74,HS_NGS,no,2,1,S520,N704,AAGGCTAT,GCTCAGGA,4.50,10.49,3,filter,reverse,TYPE_II_L,SAFE Select,yes,yes,no,yes,3436_EXF12_MR,Extrudat,yes,yes,21.24,61.63,yes,C57BL/6 and NMRI,mixed_sex,room_ventilation,yes,,19.30,20.40,19.90,20.30,21.60,
LAB_5,107A,F,14,behaviour,ZF6,3,26,primary,2/6/2020,16,SAH,160,Qubit,352.00,1.88,0.85,3.55,46.45,06/07/2020,2,F,5,23.61,HS_NGS,no,2,1,S520,N705,AAGGCTAT,AGGAGTCC,4.29,9.88,3,filter,reverse,TYPE_II_L,SAFE Select,yes,yes,no,yes,3436_EXF12_MR,Extrudat,yes,yes,21.24,61.63,yes,C57BL/6 and NMRI,mixed_sex,room_ventilation,yes,,19.30,20.30,21.00,21.50,22.30,
LAB_5,106B,F,14,behaviour,ZF17,3,27,primary,2/6/2020,16,SAH,160,Qubit,89.80,1.90,0.29,13.92,36.08,06/07/2020,2,F,6,22.16,HS_NGS,no,2,1,S520,N706,AAGGCTAT,CATGCCTA,4.03,9.09,3,filter,reverse,TYPE_II_L,SAFE Select,yes,yes,no,yes,3436_EXF12_MR,Extrudat,yes,yes,21.24,61.63,yes,C57BL/6 and NMRI,mixed_sex,room_ventilation,yes,,20.40,20.60,21.20,21.60,23.40,
,MFV_NTC_12,,,,,,,neg_control,2/6/2020,16,SAH,80,,,5.82,0.01,,,06/07/2020,2,F,7,0.03,HS_NGS,no,3,1,S520,N707,AAGGCTAT,GTAGAGAG,,,5,,,,,,,,,,,,,,,,,,,,,,,,,,
LAB_5,83B,F,14,behaviour,ZF8,3,28,primary,2/6/2020,17,MEC,160,Qubit,392.00,1.89,1.67,3.19,46.81,06/07/2020,2,F,8,24.44,HS_NGS,no,2,1,S520,N710,AAGGCTAT,CAGCCTCG,4.44,10.33,3,filter,reverse,TYPE_II_L,SAFE Select,yes,yes,no,yes,3436_EXF12_MR,Extrudat,yes,yes,21.24,61.63,yes,C57BL/6 and NMRI,mixed_sex,room_ventilation,yes,,19.50,20.20,20.40,19.30,22.10,
LAB_5,87A,F,14,behaviour,ZF16,3,29,primary,2/6/2020,17,MEC,160,Qubit,162.00,1.91,0.84,7.72,42.28,06/07/2020,2,F,9,6.09,HS_NGS,no,2,1,S520,N711,AAGGCTAT,TGCCTCTT,1.11,0.32,3,filter,reverse,TYPE_II_L,SAFE Select,yes,yes,no,yes,3436_EXF12_MR,Extrudat,yes,yes,21.24,61.63,yes,C57BL/6 and NMRI,mixed_sex,room_ventilation,yes,,19.90,20.00,19.10,20.40,21.30,
LAB_5,96A,F,14,behaviour,ZF15,3,30,primary,2/6/2020,17,MEC,160,Qubit,232.00,1.92,1.71,5.39,44.61,06/07/2020,2,F,10,20.44,HS_NGS,no,2,1,S520,N712,AAGGCTAT,TCCTCTAC,3.72,8.15,3,filter,reverse,TYPE_II_L,SAFE Select,yes,yes,no,yes,3436_EXF12_MR,Extrudat,yes,yes,21.24,61.63,yes,C57BL/6 and NMRI,mixed_sex,room_ventilation,yes,,18.50,20.40,20.80,20.60,21.60,
LAB_1,22B,M,14,behaviour,1HM1,3,31,primary,2/6/2020,17,MEC,160,Qubit,165.00,1.96,1.55,7.58,42.42,06/07/2020,2,F,11,19.62,HS_NGS,no,2,1,S520,N714,AAGGCTAT,TCATGAGC,3.57,7.70,3,filter,normal,2L,poplar,yes,no,yes,yes,Altromin1324TPF,TPF,yes,no,20-23,55,yes,rats,mixed_sex,room_air_change,yes,,24.70,26.70,26.40,27.30,27.70,
LAB_1,33B,M,14,behaviour,1HM6,3,32,primary,2/6/2020,17,MEC,160,Qubit,248.00,1.89,0.63,5.04,44.96,06/07/2020,2,F,12,19.17,HS_NGS,no,3,1,S520,N715,AAGGCTAT,CCTGAGAT,3.48,7.45,3,filter,normal,2L,poplar,yes,no,yes,yes,Altromin1324TPF,TPF,yes,no,20-23,55,yes,rats,mixed_sex,room_air_change,yes,,23.90,28.50,28.70,29.40,29.40,
LAB_1,9B,M,14,behaviour,1HM3,3,33,primary,2/6/2020,17,MEC,160,Qubit,195.00,1.87,1.16,6.41,43.59,06/07/2020,2,G,1,23.10,HS_NGS,no,2,1,S521,N701,GAGCCTTA,TCGCCTTA,4.20,9.60,3,filter,normal,2L,poplar,yes,no,yes,yes,Altromin1324TPF,TPF,yes,no,20-23,55,yes,rats,mixed_sex,room_air_change,yes,,22.10,25.20,25.30,25.00,25.80,
LAB_1,21B,M,14,behaviour,1HM8,3,34,primary,2/6/2020,17,MEC,160,Qubit,376.00,1.88,1.29,3.32,46.68,06/07/2020,2,G,2,20.90,HS_NGS,no,3,1,S521,N702,GAGCCTTA,CTAGTACG,3.80,8.40,3,filter,normal,2L,poplar,yes,no,yes,yes,Altromin1324TPF,TPF,yes,no,20-23,55,yes,rats,mixed_sex,room_air_change,yes,,23.90,27.30,28.40,29.80,29.70,
LAB_1,1A,M,14,behaviour,1HM12,3,35,primary,2/6/2020,17,MEC,160,Qubit,264.00,1.89,1.26,4.73,45.27,06/07/2020,2,G,3,22.74,HS_NGS,no,2,1,S521,N703,GAGCCTTA,TTCTGCCT,4.13,9.40,3,filter,normal,2L,poplar,yes,no,yes,yes,Altromin1324TPF,TPF,yes,no,20-23,55,yes,rats,mixed_sex,room_air_change,yes,,24.00,28.00,27.10,27.70,27.80,
LAB_1,51B,M,14,behaviour,1HM10,3,36,primary,2/6/2020,17,MEC,160,Qubit,143.00,1.91,0.78,8.74,41.26,06/07/2020,2,G,4,20.76,HS_NGS,no,2,1,S521,N704,GAGCCTTA,GCTCAGGA,3.78,8.33,3,filter,normal,2L,poplar,yes,no,yes,yes,Altromin1324TPF,TPF,yes,no,20-23,55,yes,rats,mixed_sex,room_air_change,yes,,22.70,26.60,26.60,27.60,27.40,
,MFV_NTC_13,,,,,,,neg_control,2/6/2020,17,MEC,80,,,-2.81,0.15,,,06/07/2020,2,G,5,0.02,HS_NGS,no,2,1,S521,N705,GAGCCTTA,AGGAGTCC,,,5,,,,,,,,,,,,,,,,,,,,,,,,,,
LAB_2,55A,M,14,behaviour,2HM4,3,37,primary,4/6/2020,18,SAH,160,Qubit,187.00,1.89,1.04,6.68,43.32,06/07/2020,2,G,6,26.83,HS_NGS,no,2,1,S521,N706,GAGCCTTA,CATGCCTA,4.88,11.63,3,filter,normal,Typ22_Biosom,poplar,yes,no,yes,yes,Altromin1324TPF,TPF,yes,no,21,55,yes,mice,mixed_sex,IVC_rack,yes,,24.10,24.40,23.60,24.30,25.10,
LAB_2,4A,M,14,behaviour,2HM6,3,38,primary,4/6/2020,18,SAH,160,Qubit,148.00,1.90,0.90,8.45,41.55,06/07/2020,2,G,7,16.85,HS_NGS,no,2,1,S521,N707,GAGCCTTA,GTAGAGAG,3.06,6.19,3,filter,normal,Typ22_Biosom,poplar,yes,no,yes,yes,Altromin1324TPF,TPF,yes,no,21,55,yes,mice,mixed_sex,IVC_rack,yes,,20.80,23.40,23.20,25.30,25.80,
LAB_2,5B,M,14,behaviour,2HM17,3,39,primary,4/6/2020,18,SAH,160,Qubit,172.00,1.90,1.29,7.27,42.73,06/07/2020,2,G,8,18.48,HS_NGS,no,2,1,S521,N710,GAGCCTTA,CAGCCTCG,3.36,7.08,3,filter,normal,Typ22_Biosom,poplar,yes,no,yes,yes,Altromin1324TPF,TPF,yes,no,21,55,yes,mice,mixed_sex,IVC_rack,yes,,21.00,26.60,26.70,27.10,29.20,Tube labelled 5A
LAB_2,45B,M,14,behaviour,2HM8,3,40,primary,4/6/2020,18,SAH,160,Qubit,128.00,1.93,1.07,9.77,40.23,06/07/2020,2,G,9,16.60,HS_NGS,no,2,1,S521,N711,GAGCCTTA,TGCCTCTT,3.02,6.05,3,filter,normal,Typ22_Biosom,poplar,yes,no,yes,yes,Altromin1324TPF,TPF,yes,no,21,55,yes,mice,mixed_sex,IVC_rack,yes,,20.90,23.80,23.80,24.10,24.20,
LAB_2,59B,M,14,behaviour,2HM10,3,41,primary,4/6/2020,18,SAH,160,Qubit,180.00,1.89,0.86,6.94,43.06,06/07/2020,2,G,10,18.13,HS_NGS,no,2,1,S521,N712,GAGCCTTA,TCCTCTAC,3.30,6.89,3,filter,normal,Typ22_Biosom,poplar,yes,no,yes,yes,Altromin1324TPF,TPF,yes,no,21,55,yes,mice,mixed_sex,IVC_rack,yes,,19.40,22.80,22.20,24.10,24.30,
LAB_2,44B,M,14,behaviour,2HM12,3,42,primary,4/6/2020,18,SAH,160,Qubit,41.40,1.92,0.38,30.19,19.81,06/07/2020,2,G,11,15.36,HS_NGS,no,2,1,S521,N714,GAGCCTTA,TCATGAGC,2.79,5.38,3,filter,normal,Typ22_Biosom,poplar,yes,no,yes,yes,Altromin1324TPF,TPF,yes,no,21,55,yes,mice,mixed_sex,IVC_rack,yes,,20.30,23.80,24.00,23.90,24.60,lower average DNA yield
LAB_3,34A,M,14,behaviour,BM4,3,43,primary,4/6/2020,18,SAH,160,Qubit,58.40,1.99,0.34,21.40,28.60,06/07/2020,2,G,12,15.27,HS_NGS,no,2,1,S521,N715,GAGCCTTA,CCTGAGAT,2.78,5.33,3,open,reverse,Makrolon_III,Lignocel® select,no,yes,yes,no,3430_standard_diet,no_treatment,no,no,22,61,no,,single_sex,room_ventilation,no,,25.60,25.90,26.30,27.20,28.50,lower average DNA yield
LAB_3,25A,M,14,behaviour,BM5,3,44,primary,4/6/2020,18,SAH,160,Qubit,78.60,1.94,0.78,15.90,34.10,06/07/2020,2,H,1,8.47,HS_NGS,no,2,1,S522,N701,TTATGCGA,TCGCCTTA,1.54,1.62,3,open,reverse,Makrolon_III,Lignocel® select,no,yes,yes,no,3430_standard_diet,no_treatment,no,no,22,61,no,,single_sex,room_ventilation,no,,24.10,25.90,25.60,26.80,28.00,lower average DNA yield
LAB_3,35B,M,14,behaviour,BM7,3,45,primary,4/6/2020,18,SAH,160,Qubit,46.40,2.00,0.41,26.94,23.06,06/07/2020,2,H,2,13.36,HS_NGS,no,2,1,S522,N702,TTATGCGA,CTAGTACG,2.43,4.29,3,open,reverse,Makrolon_III,Lignocel® select,no,yes,yes,no,3430_standard_diet,no_treatment,no,no,22,61,no,,single_sex,room_ventilation,no,,24.00,26.30,27.00,28.50,27.10,lower average DNA yield
,MFV_NTC_14,,,,,,,neg_control,2/6/2020,18,SAH,80,,,-3.35,0.01,,,06/07/2020,2,H,3,0.03,HS_NGS,no,2,1,S522,N703,TTATGCGA,TTCTGCCT,,,5,,,,,,,,,,,,,,,,,,,,,,,,,,lower average DNA yield
LAB_3,47B,M,14,behaviour,BM8,3,46,primary,5/6/2020,19,MEC,160,Qubit,140.00,1.94,1.20,8.93,41.07,06/07/2020,2,H,4,16.43,HS_NGS,no,2,1,S522,N704,TTATGCGA,GCTCAGGA,2.99,5.96,3,open,reverse,Makrolon_III,Lignocel® select,no,yes,yes,no,3430_standard_diet,no_treatment,no,no,22,61,no,,single_sex,room_ventilation,no,,25.20,27.80,27.80,28.00,28.60,lower average DNA yield
LAB_3,26B,M,14,behaviour,BM9,3,47,primary,5/6/2020,19,MEC,160,Qubit,91.80,1.89,1.57,13.62,36.38,06/07/2020,2,H,5,20.48,HS_NGS,no,2,1,S522,N705,TTATGCGA,AGGAGTCC,3.72,8.17,3,open,reverse,Makrolon_III,Lignocel® select,no,yes,yes,no,3430_standard_diet,no_treatment,no,no,22,61,no,,single_sex,room_ventilation,no,,24.60,26.60,26.20,27.90,27.80,lower average DNA yield
LAB_3,27A,M,14,behaviour,BM12,3,48,primary,5/6/2020,19,MEC,160,Qubit,43.60,2.00,0.23,28.67,21.33,06/07/2020,2,H,6,18.22,HS_NGS,no,2,1,S522,N706,TTATGCGA,CATGCCTA,3.31,6.94,3,open,reverse,Makrolon_III,Lignocel® select,no,yes,yes,no,3430_standard_diet,no_treatment,no,no,22,61,no,,single_sex,room_ventilation,no,,25.60,28.30,28.50,29.10,29.50,lower average DNA yield
LAB_4,23A,M,14,behaviour,MM9,3,49,primary,5/6/2020,19,MEC,160,Qubit,36.80,2.01,0.48,33.97,16.03,06/07/2020,2,H,7,19.31,HS_NGS,no,2,1,S522,N707,TTATGCGA,GTAGAGAG,3.51,7.53,3,open,reverse,Makrolon_III,TierWohl_super,no,yes,no,no,Altromin1324TPF,no_treatment,no,no,22,50-60,yes,"C57BL/6J, DBA/2N and Balb/c",mixed_sex,room_ventilation,yes,,22.80,25.30,25.30,26.90,27.70,lower average DNA yield
LAB_4,29A,M,14,behaviour,MM15,3,51,primary,5/6/2020,19,MEC,160,Qubit,61.80,1.95,1.03,20.23,29.77,06/07/2020,2,H,9,4.65,HS_NGS,no,2,1,S522,N711,TTATGCGA,TGCCTCTT,,,5,open,reverse,Makrolon_III,TierWohl_super,no,yes,no,no,Altromin1324TPF,no_treatment,no,no,22,50-60,yes,"C57BL/6J, DBA/2N and Balb/c",mixed_sex,room_ventilation,yes,,21.60,26.30,26.20,27.00,27.00,lower average DNA yield
,Mock02_C,,,,,,,Mock,,,,,,,,,,,06/07/2020,2,H,10,9.33,HS_NGS,no,2,1,S522,N712,TTATGCGA,TCCTCTAC,1.70,2.09,3,,,,,,,,,,,,,,,,,,,,,,,,,,DNA Standard II catno: D6311
,PCR_NTC_02_C,,,,,,,PCR_neg_control,,,,,,,,,,,06/07/2020,2,H,11,0.00,HS_NGS,no,2,1,S522,N714,TTATGCGA,TCATGAGC,,,5,,,,,,,,,,,,,,,,,,,,,,,,,,DNA Standard II catno: D6311
LAB_4,52B,M,14,behaviour,MM10,3,52,primary,5/6/2020,19,MEC,160,Qubit,71.00,1.97,0.82,17.61,32.39,08/07/2020,3,A,1,12.0457,SS_NGS,no,2,1,S502,N716,CTCTCTAT,TAGCGAGT,2.19,3.57,3,open,reverse,Makrolon_III,TierWohl_super,no,yes,no,no,Altromin1324TPF,no_treatment,no,no,22,50-60,yes,"C57BL/6J, DBA/2N and Balb/c",mixed_sex,room_ventilation,yes,,19.90,22.00,22.00,23.80,24.30,lower average DNA yield
LAB_4,60A,M,14,behaviour,MM16,3,54,primary,5/6/2020,19,MEC,160,Qubit,51.60,2.00,0.16,24.22,25.78,08/07/2020,3,A,2,19.0016,SS_NGS,no,2,1,S502,N718,CTCTCTAT,GTAGCTCC,3.45,7.36,3,open,reverse,Makrolon_III,TierWohl_super,no,yes,no,no,Altromin1324TPF,no_treatment,no,no,22,50-60,yes,"C57BL/6J, DBA/2N and Balb/c",mixed_sex,room_ventilation,yes,,22.20,24.10,23.80,25.30,25.40,Tube labelled 60B; lower average DNA yield
,MFV_NTC_15,,,,,,,neg_control,5/6/2020,19,MEC,80,,,-1.83,0.14,,,08/07/2020,3,A,3,0.00,SS_NGS,no,2,1,S502,N719,CTCTCTAT,TACTACGC,,,5,,,,,,,,,,,,,,,,,,,,,,,,,,lower average DNA yield
LAB_5,24B,M,14,behaviour,ZM10,3,55,primary,5/6/2020,20,SAH,160,Qubit,60.40,2.03,0.94,20.70,29.30,08/07/2020,3,A,4,25.6202,SS_NGS,no,2,1,S502,N720,CTCTCTAT,AGGCTCCG,4.66,10.97,3,filter,reverse,TYPE_II_L,SAFE Select,yes,yes,no,yes,3436_EXF12_MR,Extrudat,yes,yes,21.24,61.63,yes,C57BL/6 and NMRI,mixed_sex,room_ventilation,yes,,25.10,25.20,25.10,25.70,27.50,lower average DNA yield
LAB_5,8B,M,14,behaviour,ZM2,3,56,primary,5/6/2020,20,SAH,160,Qubit,68.80,1.95,0.30,18.17,31.83,08/07/2020,3,A,5,20.4627,SS_NGS,no,2,1,S502,N721,CTCTCTAT,GCAGCGTA,3.72,8.16,3,filter,reverse,TYPE_II_L,SAFE Select,yes,yes,no,yes,3436_EXF12_MR,Extrudat,yes,yes,21.24,61.63,yes,C57BL/6 and NMRI,mixed_sex,room_ventilation,yes,,23.60,23.70,23.30,24.50,25.00,lower average DNA yield
LAB_5,56B,M,14,behaviour,ZM9,3,57,primary,5/6/2020,20,SAH,160,Qubit,38.20,2.05,0.41,32.72,17.28,08/07/2020,3,A,6,16.4602,SS_NGS,no,2,1,S502,N722,CTCTCTAT,CTGCGCAT,2.99,5.98,3,filter,reverse,TYPE_II_L,SAFE Select,yes,yes,no,yes,3436_EXF12_MR,Extrudat,yes,yes,21.24,61.63,yes,C57BL/6 and NMRI,mixed_sex,room_ventilation,yes,,24.20,24.90,24.50,27.30,25.10,lower average DNA yield
LAB_5,42B,M,14,behaviour,ZM1,3,58,primary,5/6/2020,20,SAH,160,Qubit,34.60,2.02,0.18,36.13,13.87,08/07/2020,3,A,7,25.2745,SS_NGS,no,2,1,S502,N723,CTCTCTAT,GAGCGCTA,4.60,10.79,3,filter,reverse,TYPE_II_L,SAFE Select,yes,yes,no,yes,3436_EXF12_MR,Extrudat,yes,yes,21.24,61.63,yes,C57BL/6 and NMRI,mixed_sex,room_ventilation,yes,,25.10,25.30,24.70,26.10,30.50,lower average DNA yield
LAB_5,17A,M,14,behaviour,ZM11,3,59,primary,5/6/2020,20,SAH,160,Qubit,40.00,2.01,0.21,31.25,18.75,08/07/2020,3,A,8,18.3344,SS_NGS,no,2,1,S502,N724,CTCTCTAT,CGCTCAGT,3.33,7.00,3,filter,reverse,TYPE_II_L,SAFE Select,yes,yes,no,yes,3436_EXF12_MR,Extrudat,yes,yes,21.24,61.63,yes,C57BL/6 and NMRI,mixed_sex,room_ventilation,yes,,27.40,29.00,29.00,29.70,29.90,lower average DNA yield
LAB_5,12A,M,14,behaviour,ZM12,3,60,primary,5/6/2020,20,SAH,160,Qubit,37.40,2.03,0.13,33.42,16.58,08/07/2020,3,A,9,21.6471,SS_NGS,no,2,1,S502,N726,CTCTCTAT,GTCTTAGG,3.94,8.81,3,filter,reverse,TYPE_II_L,SAFE Select,yes,yes,no,yes,3436_EXF12_MR,Extrudat,yes,yes,21.24,61.63,yes,C57BL/6 and NMRI,mixed_sex,room_ventilation,yes,,24.30,24.40,24.80,25.50,26.30,Tube labelled 12B; lower average DNA yield
,MFV_NTC_16,,,,,,,neg_control,5/6/2020,20,SAH,80,,,-2.43,0.03,,,08/07/2020,3,A,10,0.00,SS_NGS,no,2,1,S502,N727,CTCTCTAT,ACTGATCG,,,5,,,,,,,,,,,,,,,,,,,,,,,,,,
LAB_4,48B,M,14,behaviour,MM18,3,53,primary,5/6/2020,19,MEC,160,Qubit,95.60,1.90,0.49,13.08,36.92,08/07/2020,3,A,11,22.1112,SS_NGS,no,2,1,S502,N728,CTCTCTAT,TAGCTGCA,4.02,9.06,3,open,reverse,Makrolon_III,TierWohl_super,no,yes,no,no,Altromin1324TPF,no_treatment,no,no,22,50-60,yes,"C57BL/6J, DBA/2N and Balb/c",mixed_sex,room_ventilation,yes,,23.00,25.40,24.90,26.30,27.50,Tube labelled 42A; lower average DNA yield
LAB_4,S24,F,8,micro_control,MF5,1,24,primary,8/5/2020,2,MEC/SAH,200,QuantiFluor,135.26,1.92,0.77,9.24,40.76,08/07/2020,3,A,12,22.0844,SS_NGS,no,3,1,S502,N729,CTCTCTAT,GACGTCGA,4.02,9.05,3,open,reverse,Makrolon_III,TierWohl_super,no,yes,no,no,Altromin1324TPF,no_treatment,no,no,22,50-60,yes,"C57BL/6J, DBA/2N and Balb/c",mixed_sex,room_ventilation,yes,16.70,,,,,,
LAB_1,S32,M,8,micro_control,1HM6,1,32,primary,11/5/2020,3,MEC,200,QuantiFluor,196.88,1.91,1.23,6.35,43.65,08/07/2020,3,B,1,29.4217,SS_NGS,no,3,1,S503,N716,TATCCTCT,TAGCGAGT,5.35,13.05,3,filter,normal,2L,poplar,yes,no,yes,yes,Altromin1324TPF,TPF,yes,no,20-23,55,yes,rats,mixed_sex,room_air_change,yes,28.10,,,,,,
,Mock03_C,,,,,,,Mock,,,,,,,,,,,08/07/2020,3,B,2,17.5311,SS_NGS,no,1,1,S503,N718,TATCCTCT,GTAGCTCC,3.19,6.56,3,,,,,,,,,,,,,,,,,,,,,,,,,,
,PCR_NTC_03_C,,,,,,,PCR_neg_control,,,,,,,,,,,08/07/2020,3,B,3,0.00,SS_NGS,no,1,1,S503,N719,TATCCTCT,TACTACGC,,,5,,,,,,,,,,,,,,,,,,,,,,,,,,